date,STATCODEA01,STATCODEA02,STATCODEA03,STATCODEB01,STATCODEB02
1999-01-01,,-,,22.23,22.23
1999-01-02,,15.84,,-,-
1999-01-03,,-,,-,-
1999-01-04,,20.94,,-,-
1999-01-05,,-,,45.87,45.87
1999-01-06,,-,,-,-
1999-01-07,,-,,-,-
1999-01-08,,23.97,,-,-
1999-01-09,,-,,-,-
1999-01-10,,-,,51.87,51.87
1999-01-11,,19.73,,22.57,22.57
1999-01-12,,15.86,,-,-
1999-01-13,,-,,-,-
1999-01-14,,23.17,,-,-
1999-01-15,,24.03,,-,-
1999-01-16,,22.92,,-,-
1999-01-17,,42.94,,-,-
1999-01-18,,19.73,,32.11,32.11
1999-01-19,,-,,27.83,27.83
1999-01-20,,13.71,,-,-
1999-01-21,,-,,-,-
1999-01-22,,-,,13.82,13.82
1999-01-23,,16.36,,20.71,20.71
1999-01-24,,-,,-,-
1999-01-25,,-,,19.58,19.58
1999-01-26,,18.76,,23.45,23.45
1999-01-27,,21.17,,-,-
1999-01-28,,18.57,,-,-
1999-01-29,,-,,30.02,30.02
1999-01-30,,-,,31.24,31.24
1999-01-31,,-,,-,-
1999-02-01,,-,,-,-
1999-02-02,,-,,34.72,34.72
1999-02-03,,29.04,,12.46,12.46
1999-02-04,,-,,-,-
1999-02-05,,-,,-,-
1999-02-06,,-,,-,-
1999-02-07,,-,,18.07,18.07
1999-02-08,,-,,-,-
1999-02-09,,45.21,,49.21,49.21
1999-02-10,,23.37,,13.36,13.36
1999-02-11,,37.61,,38.61,38.61
1999-02-12,,16.91,,-,-
1999-02-13,,-,,-,-
1999-02-14,,-,,11.1,11.1
1999-02-15,,18.62,,43.81,43.81
1999-02-16,,-,,13.84,13.84
1999-02-17,,-,,23.85,23.85
1999-02-18,,10.77,,12.87,12.87
1999-02-19,,-,,19.41,19.41
1999-02-20,,-,,35.97,35.97
1999-02-21,,-,,10.31,10.31
1999-02-22,,-,,-,-
1999-02-23,,12.86,,-,-
1999-02-24,,-,,28.74,28.74
1999-02-25,,12.07,,25.57,25.57
1999-02-26,,14.68,,-,-
1999-02-27,,-,,-,-
1999-02-28,,-,,-,-
1999-03-01,,13.88,,24.56,24.56
1999-03-02,,-,,43.12,43.12
1999-03-03,,-,,-,-
1999-03-04,,-,,21.33,21.33
1999-03-05,,-,,37.37,37.37
1999-03-06,,11.77,,-,-
1999-03-07,,-,,22.22,22.22
1999-03-08,,-,,23.39,23.39
1999-03-09,,23.23,,-,-
1999-03-10,,29.45,,-,-
1999-03-11,,46.61,,10.44,10.44
1999-03-12,,-,,-,-
1999-03-13,,21.59,,33.44,33.44
1999-03-14,,56.21,,24.8,24.8
1999-03-15,,13.37,,40.82,40.82
1999-03-16,,-,,11.47,11.47
1999-03-17,,21.64,,-,-
1999-03-18,,-,,19.05,19.05
1999-03-19,,-,,11.41,11.41
1999-03-20,,-,,43.85,43.85
1999-03-21,,-,,-,-
1999-03-22,,39.81,,35.91,35.91
1999-03-23,,-,,-,-
1999-03-24,,20.77,,-,-
1999-03-25,,-,,-,-
1999-03-26,,-,,31.92,31.92
1999-03-27,,38.72,,-,-
1999-03-28,,-,,28.25,28.25
1999-03-29,,-,,19.06,19.06
1999-03-30,,12.42,,-,-
1999-03-31,,-,,42.98,42.98
1999-04-01,,14.23,,17.4,17.4
1999-04-02,,42.88,,-,-
1999-04-03,,-,,-,-
1999-04-04,,-,,-,-
1999-04-05,,24.17,,-,-
1999-04-06,,20.22,,-,-
1999-04-07,,-,,47.61,47.61
1999-04-08,,24.39,,-,-
1999-04-09,,23.3,,-,-
1999-04-10,,14.51,,-,-
1999-04-11,,-,,23.57,23.57
1999-04-12,,39.72,,-,-
1999-04-13,,28.95,,30.09,30.09
1999-04-14,,-,,-,-
1999-04-15,,29.1,,15.03,15.03
1999-04-16,,-,,10.74,10.74
1999-04-17,,-,,-,-
1999-04-18,,26.56,,-,-
1999-04-19,,-,,35.79,35.79
1999-04-20,,-,,38.25,38.25
1999-04-21,,-,,-,-
1999-04-22,,30.05,,29.54,29.54
1999-04-23,,51.59,,22.74,22.74
1999-04-24,,35.17,,-,-
1999-04-25,,-,,12.63,12.63
1999-04-26,,22.37,,-,-
1999-04-27,,11.3,,-,-
1999-04-28,,-,,-,-
1999-04-29,,-,,-,-
1999-04-30,,10.61,,28.28,28.28
1999-05-01,,35.6,,-,-
1999-05-02,,58.51,,35.6,35.6
1999-05-03,,38.53,,10.36,10.36
1999-05-04,,-,,31.84,31.84
1999-05-05,,11.03,,-,-
1999-05-06,,-,,15.2,15.2
1999-05-07,,43.96,,-,-
1999-05-08,,-,,31.09,31.09
1999-05-09,,-,,26.67,26.67
1999-05-10,,-,,31.93,31.93
1999-05-11,,-,,22.33,22.33
1999-05-12,,-,,-,-
1999-05-13,,19.21,,-,-
1999-05-14,,10.59,,26.11,26.11
1999-05-15,,11.23,,-,-
1999-05-16,,-,,25.32,25.32
1999-05-17,,-,,20.25,20.25
1999-05-18,,-,,-,-
1999-05-19,,-,,39.21,39.21
1999-05-20,,-,,33.2,33.2
1999-05-21,,20.38,,14.23,14.23
1999-05-22,,11.24,,-,-
1999-05-23,,-,,12.75,12.75
1999-05-24,,-,,15.95,15.95
1999-05-25,,-,,17.16,17.16
1999-05-26,,-,,-,-
1999-05-27,,46.05,,-,-
1999-05-28,,-,,11.49,11.49
1999-05-29,,-,,-,-
1999-05-30,,-,,-,-
1999-05-31,,20.49,,-,-
1999-06-01,,-,,-,-
1999-06-02,,-,,24.42,24.42
1999-06-03,,14.75,,44.07,44.07
1999-06-04,,12.7,,26.91,26.91
1999-06-05,,11.32,,24.55,24.55
1999-06-06,,25.22,,38.52,38.52
1999-06-07,,10.18,,11.22,11.22
1999-06-08,,36.99,,-,-
1999-06-09,,-,,13.5,13.5
1999-06-10,,-,,22.25,22.25
1999-06-11,,-,,-,-
1999-06-12,,23.19,,29.5,29.5
1999-06-13,,35.03,,-,-
1999-06-14,,-,,13.88,13.88
1999-06-15,,25.04,,22.75,22.75
1999-06-16,,26.66,,-,-
1999-06-17,,34.2,,-,-
1999-06-18,,-,,-,-
1999-06-19,,-,,-,-
1999-06-20,,-,,-,-
1999-06-21,,-,,11.18,11.18
1999-06-22,,14.28,,45.42,45.42
1999-06-23,,-,,-,-
1999-06-24,,16.19,,18.45,18.45
1999-06-25,,16.26,,27.86,27.86
1999-06-26,,60.5,,16.52,16.52
1999-06-27,,-,,33.17,33.17
1999-06-28,,-,,-,-
1999-06-29,,15.72,,21.38,21.38
1999-06-30,,17.34,,-,-
1999-07-01,,40.49,,-,-
1999-07-02,,-,,17.4,17.4
1999-07-03,,-,,13.21,13.21
1999-07-04,,-,,-,-
1999-07-05,,-,,14.5,14.5
1999-07-06,,40.78,,18.29,18.29
1999-07-07,,-,,-,-
1999-07-08,,25.27,,-,-
1999-07-09,,12.24,,-,-
1999-07-10,,25.61,,35.14,35.14
1999-07-11,,14.63,,-,-
1999-07-12,,-,,-,-
1999-07-13,,-,,-,-
1999-07-14,,12.99,,17.03,17.03
1999-07-15,,18.3,,-,-
1999-07-16,,17.36,,-,-
1999-07-17,,-,,-,-
1999-07-18,,24.83,,11.16,11.16
1999-07-19,,-,,33.8,33.8
1999-07-20,,-,,-,-
1999-07-21,,28.87,,-,-
1999-07-22,,-,,-,-
1999-07-23,,13.14,,27.06,27.06
1999-07-24,,-,,-,-
1999-07-25,,21.27,,-,-
1999-07-26,,26.48,,25.3,25.3
1999-07-27,,23.83,,26.96,26.96
1999-07-28,,-,,-,-
1999-07-29,,26.03,,-,-
1999-07-30,,-,,20.28,20.28
1999-07-31,,21.62,,-,-
1999-08-01,,-,,28.25,28.25
1999-08-02,,-,,-,-
1999-08-03,,10.96,,-,-
1999-08-04,,-,,23.09,23.09
1999-08-05,,-,,26.02,26.02
1999-08-06,,-,,14.39,14.39
1999-08-07,,-,,21.51,21.51
1999-08-08,,-,,-,-
1999-08-09,,-,,26.58,26.58
1999-08-10,,21.79,,33.91,33.91
1999-08-11,,-,,-,-
1999-08-12,,-,,-,-
1999-08-13,,24.15,,24.48,24.48
1999-08-14,,26.01,,-,-
1999-08-15,,-,,23.95,23.95
1999-08-16,,46.77,,-,-
1999-08-17,,-,,-,-
1999-08-18,,41.52,,16.97,16.97
1999-08-19,,20.75,,37.55,37.55
1999-08-20,,-,,-,-
1999-08-21,,26.46,,25.62,25.62
1999-08-22,,18.82,,15.21,15.21
1999-08-23,,16.24,,31.77,31.77
1999-08-24,,-,,-,-
1999-08-25,,-,,34.86,34.86
1999-08-26,,14.67,,-,-
1999-08-27,,25.99,,-,-
1999-08-28,,22.47,,46.25,46.25
1999-08-29,,-,,-,-
1999-08-30,,20.45,,47.43,47.43
1999-08-31,,17.76,,-,-
1999-09-01,,20.4,,-,-
1999-09-02,,-,,15.11,15.11
1999-09-03,,59.82,,-,-
1999-09-04,,-,,35.48,35.48
1999-09-05,,-,,14.14,14.14
1999-09-06,,-,,13.95,13.95
1999-09-07,,23.5,,44.06,44.06
1999-09-08,,-,,-,-
1999-09-09,,-,,-,-
1999-09-10,,20.5,,13.38,13.38
1999-09-11,,-,,15.08,15.08
1999-09-12,,-,,12.81,12.81
1999-09-13,,63.28,,47.52,47.52
1999-09-14,,-,,11.68,11.68
1999-09-15,,26.89,,53.52,53.52
1999-09-16,,12.35,,-,-
1999-09-17,,-,,-,-
1999-09-18,,82.37,,-,-
1999-09-19,,32.59,,23.79,23.79
1999-09-20,,-,,35.54,35.54
1999-09-21,,-,,16.44,16.44
1999-09-22,,30.32,,-,-
1999-09-23,,-,,15.62,15.62
1999-09-24,,28.35,,-,-
1999-09-25,,-,,34.73,34.73
1999-09-26,,12.33,,32.15,32.15
1999-09-27,,10.12,,66.23,66.23
1999-09-28,,37.62,,24.47,24.47
1999-09-29,,19.04,,-,-
1999-09-30,,-,,42.15,42.15
1999-10-01,,13.58,,21.27,21.27
1999-10-02,,14.27,,45.45,45.45
1999-10-03,,12.21,,-,-
1999-10-04,,38.53,,-,-
1999-10-05,,11.94,,50.79,50.79
1999-10-06,,21.77,,13.51,13.51
1999-10-07,,-,,45.95,45.95
1999-10-08,,-,,21.44,21.44
1999-10-09,,-,,18.75,18.75
1999-10-10,,23.77,,12.92,12.92
1999-10-11,,40.83,,-,-
1999-10-12,,-,,-,-
1999-10-13,,23.68,,-,-
1999-10-14,,26.48,,12.55,12.55
1999-10-15,,-,,23.55,23.55
1999-10-16,,46.49,,-,-
1999-10-17,,-,,33.32,33.32
1999-10-18,,53.32,,49.5,49.5
1999-10-19,,25.48,,-,-
1999-10-20,,11.6,,-,-
1999-10-21,,-,,-,-
1999-10-22,,28.37,,33.89,33.89
1999-10-23,,-,,23.72,23.72
1999-10-24,,-,,25.74,25.74
1999-10-25,,-,,-,-
1999-10-26,,-,,-,-
1999-10-27,,-,,20.6,20.6
1999-10-28,,-,,20.89,20.89
1999-10-29,,-,,-,-
1999-10-30,,20.72,,-,-
1999-10-31,,-,,47.82,47.82
1999-11-01,,-,,-,-
1999-11-02,,48.72,,20.11,20.11
1999-11-03,,48.64,,11.13,11.13
1999-11-04,,-,,-,-
1999-11-05,,38.43,,-,-
1999-11-06,,-,,-,-
1999-11-07,,31.72,,57.53,57.53
1999-11-08,,11.07,,36.05,36.05
1999-11-09,,46.07,,-,-
1999-11-10,,26.64,,12.56,12.56
1999-11-11,,18.57,,15.46,15.46
1999-11-12,,-,,29.28,29.28
1999-11-13,,25.87,,40.65,40.65
1999-11-14,,-,,-,-
1999-11-15,,13.6,,19.45,19.45
1999-11-16,,-,,18.29,18.29
1999-11-17,,22.95,,12.9,12.9
1999-11-18,,15.87,,-,-
1999-11-19,,17.96,,-,-
1999-11-20,,-,,11.74,11.74
1999-11-21,,33.13,,-,-
1999-11-22,,-,,31.26,31.26
1999-11-23,,-,,22.21,22.21
1999-11-24,,-,,-,-
1999-11-25,,33.82,,31.07,31.07
1999-11-26,,-,,31.1,31.1
1999-11-27,,29.88,,-,-
1999-11-28,,-,,27.87,27.87
1999-11-29,,20.49,,-,-
1999-11-30,,-,,-,-
1999-12-01,,-,,-,-
1999-12-02,,36.47,,19.38,19.38
1999-12-03,,26.7,,32.47,32.47
1999-12-04,,-,,10.84,10.84
1999-12-05,,-,,11.14,11.14
1999-12-06,,18.82,,-,-
1999-12-07,,-,,-,-
1999-12-08,,17.26,,-,-
1999-12-09,,25.7,,-,-
1999-12-10,,29.57,,-,-
1999-12-11,,31.59,,60.6,60.6
1999-12-12,,29.99,,-,-
1999-12-13,,-,,27.98,27.98
1999-12-14,,13.6,,24.99,24.99
1999-12-15,,-,,-,-
1999-12-16,,15.52,,-,-
1999-12-17,,-,,16.7,16.7
1999-12-18,,-,,-,-
1999-12-19,,13.66,,-,-
1999-12-20,,-,,13.22,13.22
1999-12-21,,14.21,,42.56,42.56
1999-12-22,,-,,-,-
1999-12-23,,-,,25.37,25.37
1999-12-24,,-,,30.64,30.64
1999-12-25,,23.55,,-,-
1999-12-26,,33.76,,11.52,11.52
1999-12-27,,29.76,,17.85,17.85
1999-12-28,,11.61,,-,-
1999-12-29,,-,,-,-
1999-12-30,,-,,75.98,75.98
1999-12-31,,-,,25.72,25.72
2000-01-01,,,,22.23,22.23
2000-01-02,,,,-,-
2000-01-03,,,,-,-
2000-01-04,,,,-,-
2000-01-05,,,,45.87,45.87
2000-01-06,,,,-,-
2000-01-07,,,,-,-
2000-01-08,,,,-,-
2000-01-09,,,,-,-
2000-01-10,,,,51.87,51.87
2000-01-11,,,,22.57,22.57
2000-01-12,,,,-,-
2000-01-13,,,,-,-
2000-01-14,,,,-,-
2000-01-15,,,,-,-
2000-01-16,,,,-,-
2000-01-17,,,,-,-
2000-01-18,,,,32.11,32.11
2000-01-19,,,,27.83,27.83
2000-01-20,,,,-,-
2000-01-21,,,,-,-
2000-01-22,,,,13.82,13.82
2000-01-23,,,,20.71,20.71
2000-01-24,,,,-,-
2000-01-25,,,,19.58,19.58
2000-01-26,,,,23.45,23.45
2000-01-27,,,,-,-
2000-01-28,,,,-,-
2000-01-29,,,,30.02,30.02
2000-01-30,,,,31.24,31.24
2000-01-31,,,,-,-
2000-02-01,,,,-,-
2000-02-02,,,,34.72,34.72
2000-02-03,,,,12.46,12.46
2000-02-04,,,,-,-
2000-02-05,,,,-,-
2000-02-06,,,,-,-
2000-02-07,,,,18.07,18.07
2000-02-08,,,,-,-
2000-02-09,,,,49.21,49.21
2000-02-10,,,,13.36,13.36
2000-02-11,,,,38.61,38.61
2000-02-12,,,,-,-
2000-02-13,,,,-,-
2000-02-14,,,,11.1,11.1
2000-02-15,,,,43.81,43.81
2000-02-16,,,,13.84,13.84
2000-02-17,,,,23.85,23.85
2000-02-18,,,,12.87,12.87
2000-02-19,,,,19.41,19.41
2000-02-20,,,,35.97,35.97
2000-02-21,,,,10.31,10.31
2000-02-22,,,,-,-
2000-02-23,,,,-,-
2000-02-24,,,,28.74,28.74
2000-02-25,,,,25.57,25.57
2000-02-26,,,,-,-
2000-02-27,,,,-,-
2000-02-28,,,,-,-
2000-02-29,,,,-,-
2000-03-01,,,,24.56,24.56
2000-03-02,,,,43.12,43.12
2000-03-03,,,,-,-
2000-03-04,,,,21.33,21.33
2000-03-05,,,,37.37,37.37
2000-03-06,,,,-,-
2000-03-07,,,,22.22,22.22
2000-03-08,,,,23.39,23.39
2000-03-09,,,,-,-
2000-03-10,,,,-,-
2000-03-11,,,,10.44,10.44
2000-03-12,,,,-,-
2000-03-13,,,,33.44,33.44
2000-03-14,,,,24.8,24.8
2000-03-15,,,,40.82,40.82
2000-03-16,,,,11.47,11.47
2000-03-17,,,,-,-
2000-03-18,,,,19.05,19.05
2000-03-19,,,,11.41,11.41
2000-03-20,,,,43.85,43.85
2000-03-21,,,,-,-
2000-03-22,,,,35.91,35.91
2000-03-23,,,,-,-
2000-03-24,,,,-,-
2000-03-25,,,,-,-
2000-03-26,,,,31.92,31.92
2000-03-27,,,,-,-
2000-03-28,,,,28.25,28.25
2000-03-29,,,,19.06,19.06
2000-03-30,,,,-,-
2000-03-31,,,,42.98,42.98
2000-04-01,,,,17.4,17.4
2000-04-02,,,,-,-
2000-04-03,,,,-,-
2000-04-04,,,,-,-
2000-04-05,,,,-,-
2000-04-06,,,,-,-
2000-04-07,,,,47.61,47.61
2000-04-08,,,,-,-
2000-04-09,,,,-,-
2000-04-10,,,,-,-
2000-04-11,,,,23.57,23.57
2000-04-12,,,,-,-
2000-04-13,,,,30.09,30.09
2000-04-14,,,,-,-
2000-04-15,,,,15.03,15.03
2000-04-16,,,,10.74,10.74
2000-04-17,,,,-,-
2000-04-18,,,,-,-
2000-04-19,,,,35.79,35.79
2000-04-20,,,,38.25,38.25
2000-04-21,,,,-,-
2000-04-22,,,,29.54,29.54
2000-04-23,,,,22.74,22.74
2000-04-24,,,,-,-
2000-04-25,,,,12.63,12.63
2000-04-26,,,,-,-
2000-04-27,,,,-,-
2000-04-28,,,,-,-
2000-04-29,,,,-,-
2000-04-30,,,,28.28,28.28
2000-05-01,,,,-,-
2000-05-02,,,,35.6,35.6
2000-05-03,,,,10.36,10.36
2000-05-04,,,,31.84,31.84
2000-05-05,,,,-,-
2000-05-06,,,,15.2,15.2
2000-05-07,,,,-,-
2000-05-08,,,,31.09,31.09
2000-05-09,,,,26.67,26.67
2000-05-10,,,,31.93,31.93
2000-05-11,,,,22.33,22.33
2000-05-12,,,,-,-
2000-05-13,,,,-,-
2000-05-14,,,,26.11,26.11
2000-05-15,,,,-,-
2000-05-16,,,,25.32,25.32
2000-05-17,,,,20.25,20.25
2000-05-18,,,,-,-
2000-05-19,,,,39.21,39.21
2000-05-20,,,,33.2,33.2
2000-05-21,,,,14.23,14.23
2000-05-22,,,,-,-
2000-05-23,,,,12.75,12.75
2000-05-24,,,,15.95,15.95
2000-05-25,,,,17.16,17.16
2000-05-26,,,,-,-
2000-05-27,,,,-,-
2000-05-28,,,,11.49,11.49
2000-05-29,,,,-,-
2000-05-30,,,,-,-
2000-05-31,,,,-,-
2000-06-01,,,,-,-
2000-06-02,,,,24.42,24.42
2000-06-03,,,,44.07,44.07
2000-06-04,,,,26.91,26.91
2000-06-05,,,,24.55,24.55
2000-06-06,,,,38.52,38.52
2000-06-07,,,,11.22,11.22
2000-06-08,,,,-,-
2000-06-09,,,,13.5,13.5
2000-06-10,,,,22.25,22.25
2000-06-11,,,,-,-
2000-06-12,,,,29.5,29.5
2000-06-13,,,,-,-
2000-06-14,,,,13.88,13.88
2000-06-15,,,,22.75,22.75
2000-06-16,,,,-,-
2000-06-17,,,,-,-
2000-06-18,,,,-,-
2000-06-19,,,,-,-
2000-06-20,,,,-,-
2000-06-21,,,,11.18,11.18
2000-06-22,,,,45.42,45.42
2000-06-23,,,,-,-
2000-06-24,,,,18.45,18.45
2000-06-25,,,,27.86,27.86
2000-06-26,,,,16.52,16.52
2000-06-27,,,,33.17,33.17
2000-06-28,,,,-,-
2000-06-29,,,,21.38,21.38
2000-06-30,,,,-,-
2000-07-01,,,,-,-
2000-07-02,,,,17.4,17.4
2000-07-03,,,,13.21,13.21
2000-07-04,,,,-,-
2000-07-05,,,,14.5,14.5
2000-07-06,,,,18.29,18.29
2000-07-07,,,,-,-
2000-07-08,,,,-,-
2000-07-09,,,,-,-
2000-07-10,,,,35.14,35.14
2000-07-11,,,,-,-
2000-07-12,,,,-,-
2000-07-13,,,,-,-
2000-07-14,,,,17.03,17.03
2000-07-15,,,,-,-
2000-07-16,,,,-,-
2000-07-17,,,,-,-
2000-07-18,,,,11.16,11.16
2000-07-19,,,,33.8,33.8
2000-07-20,,,,-,-
2000-07-21,,,,-,-
2000-07-22,,,,-,-
2000-07-23,,,,27.06,27.06
2000-07-24,,,,-,-
2000-07-25,,,,-,-
2000-07-26,,,,25.3,25.3
2000-07-27,,,,26.96,26.96
2000-07-28,,,,-,-
2000-07-29,,,,-,-
2000-07-30,,,,20.28,20.28
2000-07-31,,,,-,-
2000-08-01,,,,28.25,28.25
2000-08-02,,,,-,-
2000-08-03,,,,-,-
2000-08-04,,,,23.09,23.09
2000-08-05,,,,26.02,26.02
2000-08-06,,,,14.39,14.39
2000-08-07,,,,21.51,21.51
2000-08-08,,,,-,-
2000-08-09,,,,26.58,26.58
2000-08-10,,,,33.91,33.91
2000-08-11,,,,-,-
2000-08-12,,,,-,-
2000-08-13,,,,24.48,24.48
2000-08-14,,,,-,-
2000-08-15,,,,23.95,23.95
2000-08-16,,,,-,-
2000-08-17,,,,-,-
2000-08-18,,,,16.97,16.97
2000-08-19,,,,37.55,37.55
2000-08-20,,,,-,-
2000-08-21,,,,25.62,25.62
2000-08-22,,,,15.21,15.21
2000-08-23,,,,31.77,31.77
2000-08-24,,,,-,-
2000-08-25,,,,34.86,34.86
2000-08-26,,,,-,-
2000-08-27,,,,-,-
2000-08-28,,,,46.25,46.25
2000-08-29,,,,-,-
2000-08-30,,,,47.43,47.43
2000-08-31,,,,-,-
2000-09-01,,,,-,-
2000-09-02,,,,15.11,15.11
2000-09-03,,,,-,-
2000-09-04,,,,35.48,35.48
2000-09-05,,,,14.14,14.14
2000-09-06,,,,13.95,13.95
2000-09-07,,,,44.06,44.06
2000-09-08,,,,-,-
2000-09-09,,,,-,-
2000-09-10,,,,13.38,13.38
2000-09-11,,,,15.08,15.08
2000-09-12,,,,12.81,12.81
2000-09-13,,,,47.52,47.52
2000-09-14,,,,11.68,11.68
2000-09-15,,,,53.52,53.52
2000-09-16,,,,-,-
2000-09-17,,,,-,-
2000-09-18,,,,-,-
2000-09-19,,,,23.79,23.79
2000-09-20,,,,35.54,35.54
2000-09-21,,,,16.44,16.44
2000-09-22,,,,-,-
2000-09-23,,,,15.62,15.62
2000-09-24,,,,-,-
2000-09-25,,,,34.73,34.73
2000-09-26,,,,32.15,32.15
2000-09-27,,,,66.23,66.23
2000-09-28,,,,24.47,24.47
2000-09-29,,,,-,-
2000-09-30,,,,42.15,42.15
2000-10-01,,,,21.27,21.27
2000-10-02,,,,45.45,45.45
2000-10-03,,,,-,-
2000-10-04,,,,-,-
2000-10-05,,,,50.79,50.79
2000-10-06,,,,13.51,13.51
2000-10-07,,,,45.95,45.95
2000-10-08,,,,21.44,21.44
2000-10-09,,,,18.75,18.75
2000-10-10,,,,12.92,12.92
2000-10-11,,,,-,-
2000-10-12,,,,-,-
2000-10-13,,,,-,-
2000-10-14,,,,12.55,12.55
2000-10-15,,,,23.55,23.55
2000-10-16,,,,-,-
2000-10-17,,,,33.32,33.32
2000-10-18,,,,49.5,49.5
2000-10-19,,,,-,-
2000-10-20,,,,-,-
2000-10-21,,,,-,-
2000-10-22,,,,33.89,33.89
2000-10-23,,,,23.72,23.72
2000-10-24,,,,25.74,25.74
2000-10-25,,,,-,-
2000-10-26,,,,-,-
2000-10-27,,,,20.6,20.6
2000-10-28,,,,20.89,20.89
2000-10-29,,,,-,-
2000-10-30,,,,-,-
2000-10-31,,,,47.82,47.82
2000-11-01,,,,-,-
2000-11-02,,,,20.11,20.11
2000-11-03,,,,11.13,11.13
2000-11-04,,,,-,-
2000-11-05,,,,-,-
2000-11-06,,,,-,-
2000-11-07,,,,57.53,57.53
2000-11-08,,,,36.05,36.05
2000-11-09,,,,-,-
2000-11-10,,,,12.56,12.56
2000-11-11,,,,15.46,15.46
2000-11-12,,,,29.28,29.28
2000-11-13,,,,40.65,40.65
2000-11-14,,,,-,-
2000-11-15,,,,19.45,19.45
2000-11-16,,,,18.29,18.29
2000-11-17,,,,12.9,12.9
2000-11-18,,,,-,-
2000-11-19,,,,-,-
2000-11-20,,,,11.74,11.74
2000-11-21,,,,-,-
2000-11-22,,,,31.26,31.26
2000-11-23,,,,22.21,22.21
2000-11-24,,,,-,-
2000-11-25,,,,31.07,31.07
2000-11-26,,,,31.1,31.1
2000-11-27,,,,-,-
2000-11-28,,,,27.87,27.87
2000-11-29,,,,-,-
2000-11-30,,,,-,-
2000-12-01,,,,-,-
2000-12-02,,,,19.38,19.38
2000-12-03,,,,32.47,32.47
2000-12-04,,,,10.84,10.84
2000-12-05,,,,11.14,11.14
2000-12-06,,,,-,-
2000-12-07,,,,-,-
2000-12-08,,,,-,-
2000-12-09,,,,-,-
2000-12-10,,,,-,-
2000-12-11,,,,60.6,60.6
2000-12-12,,,,-,-
2000-12-13,,,,27.98,27.98
2000-12-14,,,,24.99,24.99
2000-12-15,,,,-,-
2000-12-16,,,,-,-
2000-12-17,,,,16.7,16.7
2000-12-18,,,,-,-
2000-12-19,,,,-,-
2000-12-20,,,,13.22,13.22
2000-12-21,,,,42.56,42.56
2000-12-22,,,,-,-
2000-12-23,,,,25.37,25.37
2000-12-24,,,,30.64,30.64
2000-12-25,,,,-,-
2000-12-26,,,,11.52,11.52
2000-12-27,,,,17.85,17.85
2000-12-28,,,,-,-
2000-12-29,,,,-,-
2000-12-30,,,,75.98,75.98
2000-12-31,,,,25.72,25.72
2001-01-01,19.18,-,,15.54,15.54
2001-01-02,-,-,,-,-
2001-01-03,27.19,-,,-,-
2001-01-04,65.52,61.96,,-,-
2001-01-05,-,-,,15.94,15.94
2001-01-06,-,-,,42,42
2001-01-07,30.37,-,,-,-
2001-01-08,48.14,20.58,,45.9,45.9
2001-01-09,-,16.37,,47.5,47.5
2001-01-10,17.62,-,,28.15,28.15
2001-01-11,-,36.37,,41.59,41.59
2001-01-12,50.06,13.96,,-,-
2001-01-13,32.61,-,,-,-
2001-01-14,-,10.49,,31.79,31.79
2001-01-15,-,12.86,,27.66,27.66
2001-01-16,38.33,42.24,,22.91,22.91
2001-01-17,37.93,-,,-,-
2001-01-18,25.39,49.92,,16.74,16.74
2001-01-19,14.58,11.23,,10.91,10.91
2001-01-20,41.79,-,,27.05,27.05
2001-01-21,16.23,21.01,,-,-
2001-01-22,-,-,,19.61,19.61
2001-01-23,-,-,,35.2,35.2
2001-01-24,-,-,,-,-
2001-01-25,14,34.55,,-,-
2001-01-26,-,29.22,,24.7,24.7
2001-01-27,25.37,-,,23.74,23.74
2001-01-28,29.57,-,,17.18,17.18
2001-01-29,26.08,-,,31.49,31.49
2001-01-30,35.95,-,,60.52,60.52
2001-01-31,-,-,,-,-
2001-02-01,73.57,19.93,,12.09,12.09
2001-02-02,-,-,,-,-
2001-02-03,23.73,28.31,,-,-
2001-02-04,-,-,,-,-
2001-02-05,-,-,,52.21,52.21
2001-02-06,-,-,,-,-
2001-02-07,22.27,-,,35.34,35.34
2001-02-08,26.26,-,,-,-
2001-02-09,22.03,18.16,,25.44,25.44
2001-02-10,-,15.81,,-,-
2001-02-11,11.9,10.85,,28.58,28.58
2001-02-12,-,-,,-,-
2001-02-13,-,21.36,,-,-
2001-02-14,-,56.26,,35.37,35.37
2001-02-15,17.54,-,,-,-
2001-02-16,-,21.63,,-,-
2001-02-17,-,-,,-,-
2001-02-18,37.05,32.66,,31.39,31.39
2001-02-19,-,-,,18.62,18.62
2001-02-20,-,23.75,,-,-
2001-02-21,30.43,19.39,,47.17,47.17
2001-02-22,31.66,37.86,,13.18,13.18
2001-02-23,-,30.67,,-,-
2001-02-24,-,-,,-,-
2001-02-25,24.1,-,,21.15,21.15
2001-02-26,33.89,35.41,,16.19,16.19
2001-02-27,-,-,,15.29,15.29
2001-02-28,14.77,-,,-,-
2001-03-01,-,19.88,,-,-
2001-03-02,-,-,,-,-
2001-03-03,-,-,,-,-
2001-03-04,17.36,28.29,,-,-
2001-03-05,-,-,,-,-
2001-03-06,-,44.02,,13.82,13.82
2001-03-07,-,23.87,,-,-
2001-03-08,24.27,-,,29.42,29.42
2001-03-09,-,-,,17.35,17.35
2001-03-10,38.09,34.16,,29.67,29.67
2001-03-11,12.27,-,,-,-
2001-03-12,52.02,10.51,,24.12,24.12
2001-03-13,-,-,,10.22,10.22
2001-03-14,22.68,24.33,,55.88,55.88
2001-03-15,-,-,,-,-
2001-03-16,-,-,,14.55,14.55
2001-03-17,-,35.33,,11.97,11.97
2001-03-18,-,-,,-,-
2001-03-19,-,-,,-,-
2001-03-20,10.29,11.71,,-,-
2001-03-21,-,14.87,,-,-
2001-03-22,-,-,,-,-
2001-03-23,17.28,32.85,,-,-
2001-03-24,22.09,18.82,,-,-
2001-03-25,27.13,-,,13.09,13.09
2001-03-26,-,-,,18.53,18.53
2001-03-27,-,20.49,,15.06,15.06
2001-03-28,-,-,,-,-
2001-03-29,-,-,,-,-
2001-03-30,-,14.24,,-,-
2001-03-31,17.4,25.23,,12.18,12.18
2001-04-01,-,-,,-,-
2001-04-02,-,-,,-,-
2001-04-03,31.94,-,,48.76,48.76
2001-04-04,14.43,11.3,,18.48,18.48
2001-04-05,-,-,,12.69,12.69
2001-04-06,11.46,-,,-,-
2001-04-07,-,-,,-,-
2001-04-08,24.65,-,,-,-
2001-04-09,-,22.44,,-,-
2001-04-10,-,-,,-,-
2001-04-11,-,-,,-,-
2001-04-12,20.09,15.18,,-,-
2001-04-13,-,-,,16.24,16.24
2001-04-14,12.89,20.31,,29.18,29.18
2001-04-15,-,-,,28.2,28.2
2001-04-16,-,13.72,,20.6,20.6
2001-04-17,51.37,-,,-,-
2001-04-18,26.26,-,,35.73,35.73
2001-04-19,31.4,-,,-,-
2001-04-20,12.92,85.7,,-,-
2001-04-21,17.06,-,,-,-
2001-04-22,25.63,-,,-,-
2001-04-23,-,20.81,,20.17,20.17
2001-04-24,-,-,,-,-
2001-04-25,-,42.74,,31.28,31.28
2001-04-26,-,-,,26,26
2001-04-27,11.42,-,,13.1,13.1
2001-04-28,31.96,-,,-,-
2001-04-29,20.02,32.43,,15,15
2001-04-30,-,-,,54.9,54.9
2001-05-01,15.48,-,,28.99,28.99
2001-05-02,-,11.02,,44.65,44.65
2001-05-03,-,14.94,,-,-
2001-05-04,34.16,38.52,,-,-
2001-05-05,41.19,18.39,,-,-
2001-05-06,10.94,40.56,,24.37,24.37
2001-05-07,-,24.77,,22.58,22.58
2001-05-08,37.33,24.56,,21.49,21.49
2001-05-09,-,-,,-,-
2001-05-10,-,-,,46.21,46.21
2001-05-11,-,16.42,,16.68,16.68
2001-05-12,-,11.82,,-,-
2001-05-13,-,36.23,,-,-
2001-05-14,17.82,42.09,,18.1,18.1
2001-05-15,-,10.61,,-,-
2001-05-16,-,-,,-,-
2001-05-17,-,-,,35.12,35.12
2001-05-18,-,26.48,,14.13,14.13
2001-05-19,13.73,20.05,,-,-
2001-05-20,-,29.68,,-,-
2001-05-21,-,-,,-,-
2001-05-22,37.48,-,,30.76,30.76
2001-05-23,-,30.12,,30.47,30.47
2001-05-24,26,-,,-,-
2001-05-25,-,20.87,,-,-
2001-05-26,23.97,15.42,,19.39,19.39
2001-05-27,-,-,,13.82,13.82
2001-05-28,-,19.71,,-,-
2001-05-29,-,25.98,,-,-
2001-05-30,14.28,15.06,,34.54,34.54
2001-05-31,31.75,-,,20,20
2001-06-01,25.21,-,,23.56,23.56
2001-06-02,-,17.47,,-,-
2001-06-03,40.62,-,,-,-
2001-06-04,-,-,,-,-
2001-06-05,-,31.02,,68.31,68.31
2001-06-06,-,-,,-,-
2001-06-07,21.43,28.78,,-,-
2001-06-08,21.91,-,,-,-
2001-06-09,-,27.36,,-,-
2001-06-10,-,-,,-,-
2001-06-11,20.35,16.21,,53.72,53.72
2001-06-12,-,40.41,,-,-
2001-06-13,34.69,14.56,,10.37,10.37
2001-06-14,12.31,-,,-,-
2001-06-15,11.42,-,,-,-
2001-06-16,-,11.52,,24.17,24.17
2001-06-17,14.17,-,,-,-
2001-06-18,14.23,-,,-,-
2001-06-19,-,17.12,,-,-
2001-06-20,13.9,-,,35.8,35.8
2001-06-21,22.57,39.22,,-,-
2001-06-22,35.76,-,,21,21
2001-06-23,-,29.53,,-,-
2001-06-24,48.73,22.9,,-,-
2001-06-25,21.08,-,,34.81,34.81
2001-06-26,-,-,,-,-
2001-06-27,-,-,,37.43,37.43
2001-06-28,-,17.3,,-,-
2001-06-29,32.93,-,,-,-
2001-06-30,-,32.13,,22.82,22.82
2001-07-01,45.53,37.8,,-,-
2001-07-02,31.68,13.8,,31.92,31.92
2001-07-03,-,38.26,,16.77,16.77
2001-07-04,-,-,,-,-
2001-07-05,23.32,-,,-,-
2001-07-06,-,26.6,,15.58,15.58
2001-07-07,33.58,37.83,,19.33,19.33
2001-07-08,-,11.1,,10.59,10.59
2001-07-09,13.57,-,,-,-
2001-07-10,32.21,33.97,,-,-
2001-07-11,-,-,,-,-
2001-07-12,-,-,,-,-
2001-07-13,24.3,-,,-,-
2001-07-14,13.38,36.37,,45.84,45.84
2001-07-15,39.95,-,,-,-
2001-07-16,13.03,-,,10.03,10.03
2001-07-17,-,13.66,,-,-
2001-07-18,36.21,-,,-,-
2001-07-19,-,17.61,,-,-
2001-07-20,36.59,-,,-,-
2001-07-21,-,14.95,,-,-
2001-07-22,-,-,,-,-
2001-07-23,23.13,15.92,,-,-
2001-07-24,-,15.81,,-,-
2001-07-25,23.15,-,,-,-
2001-07-26,70.11,-,,11.92,11.92
2001-07-27,-,20.79,,53.56,53.56
2001-07-28,-,10.99,,-,-
2001-07-29,12.51,-,,-,-
2001-07-30,12.99,23,,-,-
2001-07-31,25.49,12.43,,-,-
2001-08-01,-,-,,16,16
2001-08-02,30.13,-,,-,-
2001-08-03,-,16.16,,20.28,20.28
2001-08-04,-,43.52,,10.67,10.67
2001-08-05,52.16,-,,-,-
2001-08-06,35.25,-,,-,-
2001-08-07,-,22.11,,-,-
2001-08-08,-,-,,-,-
2001-08-09,22.43,20.94,,-,-
2001-08-10,-,14.56,,28.32,28.32
2001-08-11,-,43.97,,-,-
2001-08-12,-,21.08,,18.71,18.71
2001-08-13,22.05,16.79,,-,-
2001-08-14,17.54,20.28,,-,-
2001-08-15,29.98,-,,30.6,30.6
2001-08-16,24.54,36.39,,25.17,25.17
2001-08-17,-,17.89,,-,-
2001-08-18,-,26.77,,16.48,16.48
2001-08-19,30.02,24.1,,-,-
2001-08-20,28.52,-,,29.25,29.25
2001-08-21,-,-,,32.45,32.45
2001-08-22,13.06,-,,-,-
2001-08-23,16.17,-,,11.39,11.39
2001-08-24,-,-,,-,-
2001-08-25,-,-,,15.2,15.2
2001-08-26,-,22.53,,-,-
2001-08-27,-,-,,31.62,31.62
2001-08-28,-,23.21,,-,-
2001-08-29,27.47,-,,19.8,19.8
2001-08-30,34.76,29,,24.33,24.33
2001-08-31,39.65,-,,16.19,16.19
2001-09-01,37.42,-,,-,-
2001-09-02,-,26.21,,-,-
2001-09-03,11.56,-,,31.53,31.53
2001-09-04,-,-,,17.86,17.86
2001-09-05,12.5,-,,19.66,19.66
2001-09-06,32.78,-,,27.94,27.94
2001-09-07,-,-,,22.09,22.09
2001-09-08,25.46,-,,-,-
2001-09-09,28.58,27.58,,26.18,26.18
2001-09-10,29.74,49.57,,32.26,32.26
2001-09-11,30.32,25.68,,-,-
2001-09-12,-,16.84,,-,-
2001-09-13,15.15,15.66,,-,-
2001-09-14,14.46,-,,13.59,13.59
2001-09-15,-,18.15,,-,-
2001-09-16,32.52,11.84,,-,-
2001-09-17,-,20.71,,14.76,14.76
2001-09-18,12.54,-,,10.29,10.29
2001-09-19,-,26.54,,-,-
2001-09-20,40.96,-,,12.07,12.07
2001-09-21,-,35.53,,13.14,13.14
2001-09-22,-,-,,-,-
2001-09-23,-,12.51,,-,-
2001-09-24,-,-,,24.44,24.44
2001-09-25,15.05,-,,-,-
2001-09-26,-,18.33,,-,-
2001-09-27,-,10.76,,17.57,17.57
2001-09-28,-,21.72,,28.09,28.09
2001-09-29,57.05,24.59,,12.74,12.74
2001-09-30,25.86,-,,-,-
2001-10-01,18.57,25.58,,27.17,27.17
2001-10-02,16.08,11.57,,-,-
2001-10-03,27.28,-,,17.09,17.09
2001-10-04,49.07,22.31,,13.51,13.51
2001-10-05,19.1,-,,-,-
2001-10-06,-,38.76,,44.65,44.65
2001-10-07,-,21.4,,-,-
2001-10-08,35.05,28.23,,14.15,14.15
2001-10-09,20.76,18.26,,-,-
2001-10-10,-,48.11,,30.97,30.97
2001-10-11,-,17.02,,-,-
2001-10-12,-,-,,39.95,39.95
2001-10-13,23.12,-,,16.38,16.38
2001-10-14,12.34,-,,-,-
2001-10-15,-,-,,-,-
2001-10-16,13.61,39.2,,-,-
2001-10-17,25.47,18.26,,35.15,35.15
2001-10-18,58.5,17.78,,-,-
2001-10-19,13.64,19.4,,-,-
2001-10-20,-,40.65,,13.12,13.12
2001-10-21,23.55,33.27,,-,-
2001-10-22,-,-,,-,-
2001-10-23,13.82,24.53,,25.31,25.31
2001-10-24,17.6,37.72,,-,-
2001-10-25,-,26.18,,-,-
2001-10-26,22.92,15.74,,30.88,30.88
2001-10-27,-,-,,-,-
2001-10-28,-,-,,29.79,29.79
2001-10-29,-,13,,10.76,10.76
2001-10-30,29.37,15.5,,-,-
2001-10-31,36.15,18.12,,-,-
2001-11-01,48.66,24.17,,-,-
2001-11-02,-,-,,-,-
2001-11-03,22.08,11.18,,-,-
2001-11-04,44.08,-,,28.15,28.15
2001-11-05,-,-,,27.29,27.29
2001-11-06,24.2,17.52,,16.38,16.38
2001-11-07,31.3,-,,-,-
2001-11-08,22.99,35.4,,21.57,21.57
2001-11-09,-,42.43,,50.21,50.21
2001-11-10,-,22.69,,-,-
2001-11-11,21.2,14.35,,17.04,17.04
2001-11-12,11.85,-,,-,-
2001-11-13,11.71,11.45,,26.94,26.94
2001-11-14,15.06,-,,-,-
2001-11-15,17.2,-,,-,-
2001-11-16,-,18.16,,28.38,28.38
2001-11-17,16.29,34.63,,-,-
2001-11-18,15.38,-,,-,-
2001-11-19,39.27,17.61,,32.88,32.88
2001-11-20,-,-,,-,-
2001-11-21,24.48,-,,-,-
2001-11-22,16.66,56.54,,26.2,26.2
2001-11-23,-,12.26,,33.8,33.8
2001-11-24,14.05,-,,10.96,10.96
2001-11-25,13.97,30.56,,-,-
2001-11-26,-,17.92,,32.57,32.57
2001-11-27,-,-,,16.51,16.51
2001-11-28,-,-,,32.72,32.72
2001-11-29,34.53,-,,47.05,47.05
2001-11-30,12.3,-,,-,-
2001-12-01,46.6,19.54,,27.08,27.08
2001-12-02,-,-,,20.39,20.39
2001-12-03,38.97,-,,20.25,20.25
2001-12-04,17.46,-,,-,-
2001-12-05,12.6,35.61,,37.34,37.34
2001-12-06,15.85,11.97,,44.36,44.36
2001-12-07,31.19,24.83,,23.58,23.58
2001-12-08,58.66,18.78,,-,-
2001-12-09,13.92,-,,23.32,23.32
2001-12-10,-,-,,34.87,34.87
2001-12-11,36.78,16.19,,-,-
2001-12-12,-,-,,-,-
2001-12-13,-,10.18,,39.95,39.95
2001-12-14,-,47.81,,-,-
2001-12-15,-,-,,-,-
2001-12-16,-,-,,15.99,15.99
2001-12-17,-,-,,-,-
2001-12-18,-,-,,15.77,15.77
2001-12-19,20.99,-,,-,-
2001-12-20,-,-,,-,-
2001-12-21,12.34,-,,-,-
2001-12-22,21.28,-,,-,-
2001-12-23,-,-,,-,-
2001-12-24,49.04,47.45,,-,-
2001-12-25,18.74,37.54,,18.2,18.2
2001-12-26,34.64,21.91,,18,18
2001-12-27,26.51,-,,-,-
2001-12-28,-,13.54,,-,-
2001-12-29,-,-,,-,-
2001-12-30,19.65,37.88,,-,-
2001-12-31,-,15.38,,30.66,30.66
2002-01-01,23.45,,,-,-
2002-01-02,-,,,-,-
2002-01-03,-,,,22.06,22.06
2002-01-04,-,,,-,-
2002-01-05,47.97,,,-,-
2002-01-06,-,,,-,-
2002-01-07,-,,,-,-
2002-01-08,25.21,,,-,-
2002-01-09,-,,,29.03,29.03
2002-01-10,-,,,19.69,19.69
2002-01-11,72.53,,,-,-
2002-01-12,-,,,30.77,30.77
2002-01-13,34.12,,,13.39,13.39
2002-01-14,-,,,35.9,35.9
2002-01-15,73.29,,,-,-
2002-01-16,-,,,27.97,27.97
2002-01-17,23.57,,,-,-
2002-01-18,-,,,-,-
2002-01-19,14.93,,,16.3,16.3
2002-01-20,29.92,,,-,-
2002-01-21,-,,,-,-
2002-01-22,37.14,,,-,-
2002-01-23,-,,,21.54,21.54
2002-01-24,-,,,-,-
2002-01-25,-,,,-,-
2002-01-26,-,,,46.13,46.13
2002-01-27,-,,,22.14,22.14
2002-01-28,50.06,,,19.33,19.33
2002-01-29,-,,,-,-
2002-01-30,11.69,,,25.63,25.63
2002-01-31,-,,,-,-
2002-02-01,33.01,,,-,-
2002-02-02,13.65,,,-,-
2002-02-03,18.99,,,-,-
2002-02-04,33.8,,,27.23,27.23
2002-02-05,-,,,-,-
2002-02-06,-,,,30.06,30.06
2002-02-07,-,,,-,-
2002-02-08,17.28,,,24.48,24.48
2002-02-09,33.81,,,-,-
2002-02-10,30.41,,,19.15,19.15
2002-02-11,32.91,,,-,-
2002-02-12,24.09,,,13.36,13.36
2002-02-13,30.14,,,-,-
2002-02-14,12.77,,,-,-
2002-02-15,-,,,-,-
2002-02-16,-,,,57.31,57.31
2002-02-17,17.56,,,32.57,32.57
2002-02-18,-,,,11.79,11.79
2002-02-19,-,,,-,-
2002-02-20,-,,,11.96,11.96
2002-02-21,-,,,-,-
2002-02-22,-,,,-,-
2002-02-23,-,,,24.92,24.92
2002-02-24,18.95,,,14,14
2002-02-25,-,,,-,-
2002-02-26,-,,,25.83,25.83
2002-02-27,33.76,,,18.42,18.42
2002-02-28,-,,,-,-
2002-03-01,10.03,,,22.06,22.06
2002-03-02,39.99,,,55.8,55.8
2002-03-03,25.13,,,-,-
2002-03-04,-,,,23.29,23.29
2002-03-05,-,,,35.5,35.5
2002-03-06,14.52,,,11.3,11.3
2002-03-07,-,,,-,-
2002-03-08,-,,,15.04,15.04
2002-03-09,-,,,-,-
2002-03-10,-,,,18.74,18.74
2002-03-11,21.03,,,-,-
2002-03-12,15.02,,,-,-
2002-03-13,-,,,29.57,29.57
2002-03-14,-,,,11.73,11.73
2002-03-15,-,,,21.54,21.54
2002-03-16,-,,,-,-
2002-03-17,41.55,,,-,-
2002-03-18,-,,,-,-
2002-03-19,31.45,,,-,-
2002-03-20,-,,,27.3,27.3
2002-03-21,37.13,,,20.74,20.74
2002-03-22,12.42,,,-,-
2002-03-23,-,,,-,-
2002-03-24,25.09,,,27.17,27.17
2002-03-25,19.95,,,60.32,60.32
2002-03-26,-,,,-,-
2002-03-27,17.25,,,-,-
2002-03-28,38.51,,,-,-
2002-03-29,16.89,,,22,22
2002-03-30,-,,,34.23,34.23
2002-03-31,-,,,10.57,10.57
2002-04-01,-,,,-,-
2002-04-02,-,,,-,-
2002-04-03,21.29,,,22.48,22.48
2002-04-04,-,,,-,-
2002-04-05,-,,,-,-
2002-04-06,40.94,,,10.16,10.16
2002-04-07,-,,,-,-
2002-04-08,42.27,,,-,-
2002-04-09,37.34,,,-,-
2002-04-10,-,,,-,-
2002-04-11,15.72,,,16.11,16.11
2002-04-12,-,,,28.96,28.96
2002-04-13,16.33,,,-,-
2002-04-14,28.12,,,16.75,16.75
2002-04-15,-,,,13.7,13.7
2002-04-16,-,,,-,-
2002-04-17,-,,,19.73,19.73
2002-04-18,15.24,,,-,-
2002-04-19,-,,,41.12,41.12
2002-04-20,-,,,21.87,21.87
2002-04-21,-,,,-,-
2002-04-22,32.16,,,-,-
2002-04-23,37.29,,,32.44,32.44
2002-04-24,-,,,32.53,32.53
2002-04-25,56.46,,,-,-
2002-04-26,53.3,,,-,-
2002-04-27,-,,,-,-
2002-04-28,21.32,,,28.58,28.58
2002-04-29,-,,,-,-
2002-04-30,31.45,,,23.39,23.39
2002-05-01,-,,,21.84,21.84
2002-05-02,-,,,-,-
2002-05-03,48.81,,,-,-
2002-05-04,18.13,,,32.28,32.28
2002-05-05,28.68,,,14.92,14.92
2002-05-06,13.33,,,-,-
2002-05-07,-,,,51.39,51.39
2002-05-08,53.21,,,-,-
2002-05-09,-,,,29.1,29.1
2002-05-10,-,,,-,-
2002-05-11,21.65,,,15.35,15.35
2002-05-12,-,,,19.15,19.15
2002-05-13,25.18,,,12.25,12.25
2002-05-14,-,,,-,-
2002-05-15,32.06,,,-,-
2002-05-16,-,,,13.29,13.29
2002-05-17,11.35,,,-,-
2002-05-18,10.01,,,-,-
2002-05-19,-,,,30.23,30.23
2002-05-20,-,,,37.45,37.45
2002-05-21,-,,,-,-
2002-05-22,-,,,13.24,13.24
2002-05-23,22.63,,,13.62,13.62
2002-05-24,21.92,,,34.54,34.54
2002-05-25,18.72,,,19.53,19.53
2002-05-26,-,,,22.57,22.57
2002-05-27,24.61,,,-,-
2002-05-28,33.79,,,27.63,27.63
2002-05-29,-,,,-,-
2002-05-30,15.52,,,-,-
2002-05-31,-,,,-,-
2002-06-01,20.86,,,34.55,34.55
2002-06-02,-,,,-,-
2002-06-03,19.32,,,23.24,23.24
2002-06-04,-,,,-,-
2002-06-05,29.65,,,-,-
2002-06-06,-,,,19.37,19.37
2002-06-07,-,,,-,-
2002-06-08,11.46,,,15.82,15.82
2002-06-09,21.05,,,46.7,46.7
2002-06-10,-,,,-,-
2002-06-11,20.16,,,-,-
2002-06-12,16.82,,,-,-
2002-06-13,14.58,,,27.26,27.26
2002-06-14,-,,,-,-
2002-06-15,-,,,11.82,11.82
2002-06-16,43.37,,,-,-
2002-06-17,-,,,-,-
2002-06-18,12.26,,,12.82,12.82
2002-06-19,33.83,,,23.78,23.78
2002-06-20,-,,,-,-
2002-06-21,-,,,-,-
2002-06-22,23.71,,,-,-
2002-06-23,12.39,,,-,-
2002-06-24,-,,,-,-
2002-06-25,33.75,,,-,-
2002-06-26,17.57,,,48.68,48.68
2002-06-27,23.39,,,33.25,33.25
2002-06-28,-,,,-,-
2002-06-29,-,,,-,-
2002-06-30,19.27,,,23.52,23.52
2002-07-01,49.31,,,20.78,20.78
2002-07-02,14.72,,,-,-
2002-07-03,15.08,,,20.13,20.13
2002-07-04,39.93,,,11.55,11.55
2002-07-05,17.98,,,-,-
2002-07-06,24.4,,,-,-
2002-07-07,-,,,-,-
2002-07-08,-,,,10.4,10.4
2002-07-09,18.25,,,16.51,16.51
2002-07-10,44.78,,,-,-
2002-07-11,20.93,,,29.14,29.14
2002-07-12,-,,,27.34,27.34
2002-07-13,51,,,52.68,52.68
2002-07-14,-,,,11.59,11.59
2002-07-15,22.04,,,-,-
2002-07-16,-,,,-,-
2002-07-17,-,,,34.43,34.43
2002-07-18,17.5,,,17.68,17.68
2002-07-19,-,,,-,-
2002-07-20,12.99,,,17.08,17.08
2002-07-21,31.23,,,-,-
2002-07-22,25.66,,,31.39,31.39
2002-07-23,-,,,31.99,31.99
2002-07-24,-,,,22.28,22.28
2002-07-25,-,,,27.99,27.99
2002-07-26,36.39,,,16.2,16.2
2002-07-27,-,,,20.73,20.73
2002-07-28,-,,,-,-
2002-07-29,-,,,-,-
2002-07-30,11.53,,,-,-
2002-07-31,-,,,-,-
2002-08-01,35.2,,,13.75,13.75
2002-08-02,-,,,-,-
2002-08-03,24.13,,,-,-
2002-08-04,-,,,-,-
2002-08-05,17.19,,,-,-
2002-08-06,13.8,,,10.41,10.41
2002-08-07,36.62,,,14.02,14.02
2002-08-08,20.79,,,-,-
2002-08-09,56.36,,,-,-
2002-08-10,18.93,,,46.81,46.81
2002-08-11,32.65,,,38.72,38.72
2002-08-12,-,,,-,-
2002-08-13,-,,,-,-
2002-08-14,26.3,,,20.4,20.4
2002-08-15,-,,,-,-
2002-08-16,13.08,,,-,-
2002-08-17,26.68,,,-,-
2002-08-18,34.77,,,21.47,21.47
2002-08-19,-,,,-,-
2002-08-20,22.02,,,12.7,12.7
2002-08-21,-,,,-,-
2002-08-22,-,,,-,-
2002-08-23,-,,,21.08,21.08
2002-08-24,-,,,29.5,29.5
2002-08-25,23.21,,,-,-
2002-08-26,12.22,,,16.31,16.31
2002-08-27,12.37,,,36.86,36.86
2002-08-28,20.79,,,13.18,13.18
2002-08-29,-,,,-,-
2002-08-30,34.92,,,29.38,29.38
2002-08-31,26.33,,,-,-
2002-09-01,49.49,,,-,-
2002-09-02,13.8,,,-,-
2002-09-03,28.6,,,43.58,43.58
2002-09-04,23.06,,,20.15,20.15
2002-09-05,11.82,,,-,-
2002-09-06,17.59,,,-,-
2002-09-07,30.18,,,62.33,62.33
2002-09-08,10.96,,,41.16,41.16
2002-09-09,14.96,,,-,-
2002-09-10,-,,,27.39,27.39
2002-09-11,-,,,-,-
2002-09-12,-,,,-,-
2002-09-13,-,,,34.13,34.13
2002-09-14,45.2,,,35.82,35.82
2002-09-15,-,,,-,-
2002-09-16,-,,,-,-
2002-09-17,36.25,,,26.32,26.32
2002-09-18,12.93,,,-,-
2002-09-19,-,,,10.51,10.51
2002-09-20,16.95,,,-,-
2002-09-21,15.53,,,16.78,16.78
2002-09-22,-,,,14.56,14.56
2002-09-23,-,,,20.89,20.89
2002-09-24,-,,,-,-
2002-09-25,24.89,,,-,-
2002-09-26,28.57,,,-,-
2002-09-27,19.48,,,45.7,45.7
2002-09-28,-,,,-,-
2002-09-29,51.76,,,37.64,37.64
2002-09-30,43.59,,,-,-
2002-10-01,-,,,-,-
2002-10-02,17.58,,,52.19,52.19
2002-10-03,33.06,,,11.09,11.09
2002-10-04,12.46,,,30.44,30.44
2002-10-05,-,,,-,-
2002-10-06,-,,,-,-
2002-10-07,-,,,16.58,16.58
2002-10-08,-,,,-,-
2002-10-09,-,,,22.92,22.92
2002-10-10,28.55,,,33.78,33.78
2002-10-11,-,,,33.58,33.58
2002-10-12,23.89,,,-,-
2002-10-13,17.24,,,-,-
2002-10-14,10.89,,,29.12,29.12
2002-10-15,-,,,21.6,21.6
2002-10-16,-,,,30.27,30.27
2002-10-17,21.02,,,-,-
2002-10-18,-,,,-,-
2002-10-19,-,,,-,-
2002-10-20,-,,,13.92,13.92
2002-10-21,21.74,,,-,-
2002-10-22,24.12,,,-,-
2002-10-23,-,,,-,-
2002-10-24,17.77,,,17.91,17.91
2002-10-25,29.68,,,38.11,38.11
2002-10-26,19.54,,,20.23,20.23
2002-10-27,-,,,21.13,21.13
2002-10-28,32.76,,,-,-
2002-10-29,13.67,,,-,-
2002-10-30,12.25,,,28.64,28.64
2002-10-31,17.71,,,-,-
2002-11-01,62.22,,,-,-
2002-11-02,38.14,,,31.77,31.77
2002-11-03,20.7,,,-,-
2002-11-04,-,,,-,-
2002-11-05,20.9,,,-,-
2002-11-06,35.34,,,32.27,32.27
2002-11-07,11.21,,,17.59,17.59
2002-11-08,15.86,,,-,-
2002-11-09,14.1,,,10.5,10.5
2002-11-10,20.4,,,-,-
2002-11-11,-,,,-,-
2002-11-12,37.85,,,35.36,35.36
2002-11-13,12.62,,,-,-
2002-11-14,-,,,26.45,26.45
2002-11-15,12.78,,,-,-
2002-11-16,-,,,36.04,36.04
2002-11-17,-,,,23.86,23.86
2002-11-18,22.91,,,-,-
2002-11-19,-,,,19.38,19.38
2002-11-20,-,,,-,-
2002-11-21,-,,,-,-
2002-11-22,19.29,,,-,-
2002-11-23,-,,,23.31,23.31
2002-11-24,-,,,11.78,11.78
2002-11-25,33.04,,,18.08,18.08
2002-11-26,28.15,,,27.25,27.25
2002-11-27,15.22,,,35.26,35.26
2002-11-28,35.72,,,26.37,26.37
2002-11-29,-,,,-,-
2002-11-30,24.78,,,-,-
2002-12-01,11.24,,,-,-
2002-12-02,18.49,,,-,-
2002-12-03,-,,,-,-
2002-12-04,27.41,,,30.13,30.13
2002-12-05,19.67,,,27.68,27.68
2002-12-06,-,,,35.43,35.43
2002-12-07,21.04,,,-,-
2002-12-08,34.57,,,-,-
2002-12-09,-,,,-,-
2002-12-10,15.94,,,-,-
2002-12-11,-,,,15.46,15.46
2002-12-12,18.39,,,-,-
2002-12-13,10.73,,,-,-
2002-12-14,-,,,18.55,18.55
2002-12-15,-,,,21.46,21.46
2002-12-16,-,,,21.45,21.45
2002-12-17,-,,,-,-
2002-12-18,-,,,45.89,45.89
2002-12-19,-,,,29.66,29.66
2002-12-20,14.94,,,30.41,30.41
2002-12-21,-,,,-,-
2002-12-22,19.72,,,26.86,26.86
2002-12-23,36.9,,,25.22,25.22
2002-12-24,23.6,,,11.9,11.9
2002-12-25,-,,,-,-
2002-12-26,15.92,,,45.9,45.9
2002-12-27,-,,,-,-
2002-12-28,21.69,,,-,-
2002-12-29,17.93,,,12.5,12.5
2002-12-30,-,,,52.71,52.71
2002-12-31,16.83,,,24.68,24.68
2003-01-01,31.55,-,30.2,18.87,18.87
2003-01-02,-,-,28.15,-,-
2003-01-03,-,47.11,44.38,-,-
2003-01-04,-,-,-,54.57,54.57
2003-01-05,-,34.02,-,27.95,27.95
2003-01-06,-,-,39.77,-,-
2003-01-07,18,11.21,-,-,-
2003-01-08,-,-,-,17.67,17.67
2003-01-09,-,-,27.49,16.52,16.52
2003-01-10,22,13.44,-,54.78,54.78
2003-01-11,19.34,-,-,32.4,32.4
2003-01-12,39.79,-,13.88,23.35,23.35
2003-01-13,28.57,-,14.83,-,-
2003-01-14,-,12.94,25.16,21.01,21.01
2003-01-15,15.45,18.94,24.12,-,-
2003-01-16,14.51,33.93,29.91,34.55,34.55
2003-01-17,17.65,-,27.78,-,-
2003-01-18,11.87,-,-,39.46,39.46
2003-01-19,10.37,22.65,37.05,28.32,28.32
2003-01-20,-,20.38,34.63,-,-
2003-01-21,48,-,-,29.61,29.61
2003-01-22,27.93,38.81,28.45,-,-
2003-01-23,-,-,-,14.53,14.53
2003-01-24,-,13.82,-,14.89,14.89
2003-01-25,19.12,44.89,14.54,-,-
2003-01-26,12.43,45.68,13.46,-,-
2003-01-27,28.93,-,11.53,17.74,17.74
2003-01-28,22.11,-,11.51,28.2,28.2
2003-01-29,-,31.7,-,32.5,32.5
2003-01-30,-,21.43,12.4,-,-
2003-01-31,21.21,-,37.82,-,-
2003-02-01,25.27,-,23.85,43.9,43.9
2003-02-02,-,-,10.62,10.6,10.6
2003-02-03,49.29,-,27.56,30.79,30.79
2003-02-04,-,12.84,12.75,-,-
2003-02-05,-,-,-,10.07,10.07
2003-02-06,12.56,51.45,29.95,-,-
2003-02-07,-,26.53,-,-,-
2003-02-08,20.7,-,-,-,-
2003-02-09,36.34,-,38.62,-,-
2003-02-10,-,31.49,-,37.78,37.78
2003-02-11,-,-,-,29.41,29.41
2003-02-12,10.19,-,-,29.38,29.38
2003-02-13,23.5,-,19.17,-,-
2003-02-14,25,11.07,-,-,-
2003-02-15,-,-,51.3,-,-
2003-02-16,-,25.86,13.09,29.18,29.18
2003-02-17,-,-,17.82,16.99,16.99
2003-02-18,29.26,-,18.26,-,-
2003-02-19,-,-,13,-,-
2003-02-20,-,53.55,-,-,-
2003-02-21,-,-,35.32,-,-
2003-02-22,16.97,-,11.67,-,-
2003-02-23,-,30.13,19.19,-,-
2003-02-24,-,-,-,-,-
2003-02-25,23.5,-,-,21.57,21.57
2003-02-26,-,-,36.96,-,-
2003-02-27,-,-,-,-,-
2003-02-28,-,18.87,26.06,29.48,29.48
2003-03-01,-,-,14.18,-,-
2003-03-02,-,43.4,-,38.41,38.41
2003-03-03,-,26.27,-,-,-
2003-03-04,33.03,22.26,12,23.18,23.18
2003-03-05,13.78,19.67,18.45,-,-
2003-03-06,51.47,-,-,41.4,41.4
2003-03-07,-,-,-,24.79,24.79
2003-03-08,28.87,-,-,-,-
2003-03-09,11.63,-,39.21,-,-
2003-03-10,48.44,-,15.2,-,-
2003-03-11,-,42.24,33.69,-,-
2003-03-12,-,-,32.94,-,-
2003-03-13,41.83,-,29.44,10.28,10.28
2003-03-14,18.27,-,-,40.17,40.17
2003-03-15,-,16.84,-,-,-
2003-03-16,20.71,-,24.26,-,-
2003-03-17,-,38.62,-,-,-
2003-03-18,-,-,13.03,39,39
2003-03-19,12.14,12.11,-,35.38,35.38
2003-03-20,24.63,-,-,-,-
2003-03-21,-,47.7,33.7,25.56,25.56
2003-03-22,-,-,20.43,12.53,12.53
2003-03-23,-,-,-,18.64,18.64
2003-03-24,-,16.08,15.12,-,-
2003-03-25,-,24.01,-,-,-
2003-03-26,-,28.55,32.58,-,-
2003-03-27,-,35.04,-,-,-
2003-03-28,18.22,-,-,-,-
2003-03-29,-,27.02,25.45,16.43,16.43
2003-03-30,12.87,18.27,-,28.5,28.5
2003-03-31,24.45,24.35,19.34,37.39,37.39
2003-04-01,-,-,17.42,-,-
2003-04-02,53.18,26.23,12.62,-,-
2003-04-03,15.91,29.6,-,20.38,20.38
2003-04-04,27.02,-,28.69,-,-
2003-04-05,-,17.07,-,12.84,12.84
2003-04-06,-,19.47,10.65,34.63,34.63
2003-04-07,-,-,-,40,40
2003-04-08,19.03,12.22,-,19.67,19.67
2003-04-09,26.32,-,-,-,-
2003-04-10,-,12.36,14.88,-,-
2003-04-11,10.27,-,-,-,-
2003-04-12,14.04,17.3,16.83,26.21,26.21
2003-04-13,-,-,-,19.2,19.2
2003-04-14,19.23,50.28,12.85,-,-
2003-04-15,-,-,-,-,-
2003-04-16,26.15,-,-,-,-
2003-04-17,-,28.88,12.71,22.71,22.71
2003-04-18,31.57,-,-,-,-
2003-04-19,-,34.46,-,60.91,60.91
2003-04-20,-,45.96,33.29,30.67,30.67
2003-04-21,-,-,-,-,-
2003-04-22,-,26.35,-,16.48,16.48
2003-04-23,-,14.7,17.97,18.57,18.57
2003-04-24,-,-,-,-,-
2003-04-25,12.48,-,31.14,29.11,29.11
2003-04-26,28.14,-,12.04,40.3,40.3
2003-04-27,14.11,-,41.08,52.44,52.44
2003-04-28,25.99,-,18.53,-,-
2003-04-29,-,18.56,17.85,50.78,50.78
2003-04-30,21.38,23.32,-,30.19,30.19
2003-05-01,19.35,45.78,-,54.91,54.91
2003-05-02,25.01,22.53,-,16.03,16.03
2003-05-03,-,12.36,-,-,-
2003-05-04,17.15,-,33.79,10.91,10.91
2003-05-05,13.23,23.26,25.11,-,-
2003-05-06,-,-,23.31,-,-
2003-05-07,37.99,-,-,23.26,23.26
2003-05-08,11.19,15.07,-,15.13,15.13
2003-05-09,14.98,-,-,43.95,43.95
2003-05-10,54.88,-,-,37.05,37.05
2003-05-11,17.8,14.91,-,-,-
2003-05-12,21.74,23.34,11.21,26.67,26.67
2003-05-13,-,18.87,-,26.78,26.78
2003-05-14,-,10.63,-,-,-
2003-05-15,-,-,20.1,20.53,20.53
2003-05-16,-,-,22.03,27.29,27.29
2003-05-17,-,-,-,25.75,25.75
2003-05-18,-,-,12.3,47.45,47.45
2003-05-19,30.18,49.56,-,-,-
2003-05-20,-,-,-,18.14,18.14
2003-05-21,-,30.64,-,-,-
2003-05-22,-,-,-,13.03,13.03
2003-05-23,13.78,-,15.26,-,-
2003-05-24,20.87,26.19,25.4,17.35,17.35
2003-05-25,-,21.42,-,24.28,24.28
2003-05-26,-,-,44.18,-,-
2003-05-27,-,29.17,-,-,-
2003-05-28,19.94,-,-,-,-
2003-05-29,28.3,10.65,-,62.38,62.38
2003-05-30,-,18.66,20.15,12.27,12.27
2003-05-31,-,-,19.56,-,-
2003-06-01,-,39.4,-,-,-
2003-06-02,25.4,10.08,-,16.77,16.77
2003-06-03,-,17.44,-,23.44,23.44
2003-06-04,27.38,22.33,-,-,-
2003-06-05,-,-,-,-,-
2003-06-06,-,42.77,-,28,28
2003-06-07,-,-,34.68,-,-
2003-06-08,-,-,31.22,23.94,23.94
2003-06-09,23.91,30.97,16.45,22.43,22.43
2003-06-10,-,-,30.23,20.75,20.75
2003-06-11,30.66,-,23.93,17.07,17.07
2003-06-12,-,-,-,12.61,12.61
2003-06-13,-,48.22,14.63,-,-
2003-06-14,31.84,-,-,-,-
2003-06-15,28.48,45.02,24.92,-,-
2003-06-16,-,-,21.65,-,-
2003-06-17,21.14,41.42,12.88,-,-
2003-06-18,34.63,-,49.41,-,-
2003-06-19,22.32,-,-,-,-
2003-06-20,11.26,-,-,-,-
2003-06-21,-,13.03,47.09,38.64,38.64
2003-06-22,-,-,32.6,11.5,11.5
2003-06-23,-,20.5,-,-,-
2003-06-24,-,-,27.18,-,-
2003-06-25,11.36,31.39,-,-,-
2003-06-26,25.25,23.74,-,30.11,30.11
2003-06-27,43.86,10.61,-,-,-
2003-06-28,17.13,16.5,-,18.73,18.73
2003-06-29,-,-,-,21.62,21.62
2003-06-30,-,-,11.01,13.77,13.77
2003-07-01,55.22,39.87,17.57,-,-
2003-07-02,55.57,20.03,-,43.56,43.56
2003-07-03,26.79,46.2,30.16,19.21,19.21
2003-07-04,-,-,24.42,37.3,37.3
2003-07-05,13.78,16.77,-,35.19,35.19
2003-07-06,-,11.66,69.17,14.33,14.33
2003-07-07,-,50.67,-,-,-
2003-07-08,16.25,10.06,-,42.22,42.22
2003-07-09,-,15.1,-,-,-
2003-07-10,55.28,36.37,-,13.91,13.91
2003-07-11,-,23.17,59.28,-,-
2003-07-12,41.83,-,22.82,27.6,27.6
2003-07-13,-,-,-,-,-
2003-07-14,-,-,28.42,30.47,30.47
2003-07-15,32.68,-,19.94,38.78,38.78
2003-07-16,-,-,20.24,17.7,17.7
2003-07-17,34.38,-,-,-,-
2003-07-18,39.44,27.67,-,41.47,41.47
2003-07-19,-,-,42.35,23.24,23.24
2003-07-20,-,44.72,-,27.68,27.68
2003-07-21,32.78,31.45,-,15.53,15.53
2003-07-22,26.9,11.97,18.81,-,-
2003-07-23,-,20.16,27.64,18.04,18.04
2003-07-24,34.47,24,45.13,-,-
2003-07-25,-,-,24.82,-,-
2003-07-26,13.24,-,-,-,-
2003-07-27,56.87,-,19.83,-,-
2003-07-28,-,-,-,-,-
2003-07-29,20.99,23.83,24.04,-,-
2003-07-30,-,20.71,-,66.97,66.97
2003-07-31,33.35,-,38.57,24.45,24.45
2003-08-01,20.56,32.37,-,-,-
2003-08-02,21.96,-,57.67,40.35,40.35
2003-08-03,-,14.73,41.63,34.63,34.63
2003-08-04,33.29,-,10.95,10.29,10.29
2003-08-05,11.43,16.01,23.42,-,-
2003-08-06,-,-,24.77,12.23,12.23
2003-08-07,-,-,-,-,-
2003-08-08,-,-,21.11,-,-
2003-08-09,34.63,-,-,-,-
2003-08-10,19.49,29.92,29.47,-,-
2003-08-11,-,34.19,22.11,-,-
2003-08-12,32.8,-,-,-,-
2003-08-13,76.98,38.52,21.67,14.8,14.8
2003-08-14,15.73,52.43,30.48,11.89,11.89
2003-08-15,-,-,23.87,-,-
2003-08-16,-,-,21.21,-,-
2003-08-17,18.62,-,-,18.94,18.94
2003-08-18,-,11.03,-,-,-
2003-08-19,-,-,-,-,-
2003-08-20,-,-,35.41,10.58,10.58
2003-08-21,-,24.03,10.84,37.04,37.04
2003-08-22,-,22.42,-,-,-
2003-08-23,-,23.05,20.86,-,-
2003-08-24,-,-,-,-,-
2003-08-25,-,-,-,-,-
2003-08-26,31.28,31.63,33.17,10.57,10.57
2003-08-27,-,-,35.69,-,-
2003-08-28,-,-,10.73,-,-
2003-08-29,-,19.54,-,-,-
2003-08-30,17.63,27.82,-,21.66,21.66
2003-08-31,28.61,30.48,15.71,-,-
2003-09-01,-,-,-,-,-
2003-09-02,-,-,34.91,-,-
2003-09-03,-,-,-,-,-
2003-09-04,-,23.81,17.42,-,-
2003-09-05,-,-,13.19,-,-
2003-09-06,-,-,11.08,27.01,27.01
2003-09-07,-,-,19.03,13.67,13.67
2003-09-08,-,-,-,15,15
2003-09-09,31.29,19.21,-,21.59,21.59
2003-09-10,-,10.39,26.97,12.31,12.31
2003-09-11,35.04,43.57,-,-,-
2003-09-12,14.86,28.83,28.2,47.71,47.71
2003-09-13,-,-,15.09,21.43,21.43
2003-09-14,-,-,22.19,-,-
2003-09-15,35.24,-,-,-,-
2003-09-16,31.7,13.91,22.79,-,-
2003-09-17,-,14.51,-,33.14,33.14
2003-09-18,-,-,-,40.11,40.11
2003-09-19,23.77,-,22.6,14.29,14.29
2003-09-20,23.06,11.4,-,-,-
2003-09-21,49.04,-,-,28.2,28.2
2003-09-22,-,23.2,-,66.25,66.25
2003-09-23,46.84,27.03,24.67,36.15,36.15
2003-09-24,-,84.86,30.6,34.24,34.24
2003-09-25,33.09,-,18.85,-,-
2003-09-26,-,-,60.56,-,-
2003-09-27,-,32.25,23.77,-,-
2003-09-28,-,-,12.69,-,-
2003-09-29,12.76,47.36,44.49,-,-
2003-09-30,27.66,-,74.85,20.8,20.8
2003-10-01,24.83,26.64,-,15.84,15.84
2003-10-02,-,-,-,25.38,25.38
2003-10-03,27.12,17.13,16.32,-,-
2003-10-04,16.16,-,29.37,19.92,19.92
2003-10-05,-,-,-,15.09,15.09
2003-10-06,-,-,-,-,-
2003-10-07,44.03,23.03,-,-,-
2003-10-08,41.34,17.14,-,12.77,12.77
2003-10-09,25.62,-,-,13.06,13.06
2003-10-10,33.26,58.61,-,-,-
2003-10-11,-,-,-,-,-
2003-10-12,-,29.48,32.96,-,-
2003-10-13,-,47.93,-,32.58,32.58
2003-10-14,-,-,14.23,20.38,20.38
2003-10-15,20.4,12.15,-,-,-
2003-10-16,11.3,-,15.97,-,-
2003-10-17,-,-,-,20.45,20.45
2003-10-18,37.45,-,-,16.38,16.38
2003-10-19,-,30.88,-,10.36,10.36
2003-10-20,28.75,-,17.72,21.84,21.84
2003-10-21,29.57,15.55,14.57,14.52,14.52
2003-10-22,14.48,-,-,-,-
2003-10-23,-,-,-,-,-
2003-10-24,39.56,28.4,-,36.32,36.32
2003-10-25,15.86,-,-,-,-
2003-10-26,33.69,-,-,-,-
2003-10-27,12.68,26.1,-,40.89,40.89
2003-10-28,-,13.57,29.77,-,-
2003-10-29,-,-,-,26.58,26.58
2003-10-30,-,16.41,-,-,-
2003-10-31,52.53,-,33.07,26.24,26.24
2003-11-01,-,-,-,34.59,34.59
2003-11-02,-,24.9,-,-,-
2003-11-03,36.41,28.79,20.26,22.04,22.04
2003-11-04,31.81,15.36,-,-,-
2003-11-05,39.99,-,32.12,20.28,20.28
2003-11-06,-,-,35.06,25.77,25.77
2003-11-07,-,19.36,16.58,-,-
2003-11-08,-,-,52.67,18.47,18.47
2003-11-09,16.24,19.73,-,-,-
2003-11-10,29.72,24.45,-,34.23,34.23
2003-11-11,38.64,-,10.58,-,-
2003-11-12,-,-,-,-,-
2003-11-13,10.45,40.34,23.49,-,-
2003-11-14,-,-,18.34,40.72,40.72
2003-11-15,-,13.58,44.27,15.78,15.78
2003-11-16,53.61,20.68,38.86,-,-
2003-11-17,-,-,-,-,-
2003-11-18,-,-,34.48,-,-
2003-11-19,10.56,15.22,20.75,-,-
2003-11-20,19.52,10.27,-,-,-
2003-11-21,25.45,-,-,16.71,16.71
2003-11-22,-,-,-,-,-
2003-11-23,-,14.54,-,19.56,19.56
2003-11-24,-,-,-,11.74,11.74
2003-11-25,22.73,34.82,13.17,-,-
2003-11-26,-,-,-,35.22,35.22
2003-11-27,-,-,39.42,-,-
2003-11-28,18.08,-,13.53,-,-
2003-11-29,28.12,-,18.43,-,-
2003-11-30,-,-,15.12,20.44,20.44
2003-12-01,15.37,64.65,17.83,19.74,19.74
2003-12-02,-,-,24.23,17.19,17.19
2003-12-03,16.64,-,-,16.76,16.76
2003-12-04,-,-,19.14,65.99,65.99
2003-12-05,22.82,-,27.14,-,-
2003-12-06,26.33,-,31.78,-,-
2003-12-07,48.15,35.28,-,-,-
2003-12-08,36.12,-,-,-,-
2003-12-09,38.35,30.06,34.52,-,-
2003-12-10,16.84,-,-,23.21,23.21
2003-12-11,-,-,-,38.67,38.67
2003-12-12,-,42.67,-,-,-
2003-12-13,42.17,-,21.83,29.14,29.14
2003-12-14,-,-,-,-,-
2003-12-15,71.44,20.95,-,19.95,19.95
2003-12-16,-,13.23,53.84,19.89,19.89
2003-12-17,24.81,29.84,-,-,-
2003-12-18,33.9,-,16.54,19.35,19.35
2003-12-19,36.53,-,18.85,-,-
2003-12-20,-,-,15.36,62.58,62.58
2003-12-21,40.22,18.69,-,-,-
2003-12-22,24.11,-,43.87,10.93,10.93
2003-12-23,22.84,-,-,-,-
2003-12-24,28.23,31.78,-,-,-
2003-12-25,32.68,38.76,-,24.13,24.13
2003-12-26,-,23.59,13.11,12.41,12.41
2003-12-27,-,13.93,-,14.58,14.58
2003-12-28,-,70.74,-,21.54,21.54
2003-12-29,-,-,34.84,29.76,29.76
2003-12-30,47.09,-,-,20.59,20.59
2003-12-31,-,17.18,-,22.67,22.67
2004-01-01,,,-,,
2004-01-02,,,-,,
2004-01-03,,,10.49,,
2004-01-04,,,-,,
2004-01-05,,,-,,
2004-01-06,,,37.39,,
2004-01-07,,,26.87,,
2004-01-08,,,60.72,,
2004-01-09,,,10.1,,
2004-01-10,,,14.56,,
2004-01-11,,,23.17,,
2004-01-12,,,16.66,,
2004-01-13,,,44.4,,
2004-01-14,,,-,,
2004-01-15,,,-,,
2004-01-16,,,32.19,,
2004-01-17,,,18.86,,
2004-01-18,,,-,,
2004-01-19,,,31,,
2004-01-20,,,23.17,,
2004-01-21,,,19.84,,
2004-01-22,,,-,,
2004-01-23,,,-,,
2004-01-24,,,19.07,,
2004-01-25,,,13.4,,
2004-01-26,,,-,,
2004-01-27,,,-,,
2004-01-28,,,24.14,,
2004-01-29,,,-,,
2004-01-30,,,28.15,,
2004-01-31,,,15.89,,
2004-02-01,,,-,,
2004-02-02,,,18.09,,
2004-02-03,,,-,,
2004-02-04,,,-,,
2004-02-05,,,26.8,,
2004-02-06,,,-,,
2004-02-07,,,-,,
2004-02-08,,,24.92,,
2004-02-09,,,12.41,,
2004-02-10,,,16.4,,
2004-02-11,,,-,,
2004-02-12,,,-,,
2004-02-13,,,-,,
2004-02-14,,,-,,
2004-02-15,,,-,,
2004-02-16,,,53.02,,
2004-02-17,,,-,,
2004-02-18,,,-,,
2004-02-19,,,49.39,,
2004-02-20,,,10.13,,
2004-02-21,,,16.68,,
2004-02-22,,,34.21,,
2004-02-23,,,42.21,,
2004-02-24,,,-,,
2004-02-25,,,12.38,,
2004-02-26,,,-,,
2004-02-27,,,-,,
2004-02-28,,,11.65,,
2004-02-29,,,-,,
2004-03-01,,,-,,
2004-03-02,,,14.82,,
2004-03-03,,,62.7,,
2004-03-04,,,14.54,,
2004-03-05,,,19.93,,
2004-03-06,,,11.9,,
2004-03-07,,,-,,
2004-03-08,,,25.16,,
2004-03-09,,,-,,
2004-03-10,,,40.74,,
2004-03-11,,,-,,
2004-03-12,,,12.74,,
2004-03-13,,,42.94,,
2004-03-14,,,-,,
2004-03-15,,,27.38,,
2004-03-16,,,-,,
2004-03-17,,,12.82,,
2004-03-18,,,-,,
2004-03-19,,,-,,
2004-03-20,,,31.37,,
2004-03-21,,,-,,
2004-03-22,,,15.02,,
2004-03-23,,,23.06,,
2004-03-24,,,36.77,,
2004-03-25,,,44.86,,
2004-03-26,,,35.82,,
2004-03-27,,,11.91,,
2004-03-28,,,16.43,,
2004-03-29,,,15.73,,
2004-03-30,,,27.38,,
2004-03-31,,,-,,
2004-04-01,,,23.15,,
2004-04-02,,,-,,
2004-04-03,,,31.1,,
2004-04-04,,,17.75,,
2004-04-05,,,20,,
2004-04-06,,,44.09,,
2004-04-07,,,31.75,,
2004-04-08,,,-,,
2004-04-09,,,10.88,,
2004-04-10,,,-,,
2004-04-11,,,39.07,,
2004-04-12,,,21.97,,
2004-04-13,,,-,,
2004-04-14,,,-,,
2004-04-15,,,-,,
2004-04-16,,,-,,
2004-04-17,,,22.36,,
2004-04-18,,,34.25,,
2004-04-19,,,33,,
2004-04-20,,,-,,
2004-04-21,,,18.51,,
2004-04-22,,,-,,
2004-04-23,,,-,,
2004-04-24,,,-,,
2004-04-25,,,37.79,,
2004-04-26,,,51.36,,
2004-04-27,,,-,,
2004-04-28,,,-,,
2004-04-29,,,-,,
2004-04-30,,,55.14,,
2004-05-01,,,-,,
2004-05-02,,,61.55,,
2004-05-03,,,44.56,,
2004-05-04,,,51.87,,
2004-05-05,,,-,,
2004-05-06,,,31.53,,
2004-05-07,,,-,,
2004-05-08,,,-,,
2004-05-09,,,20.59,,
2004-05-10,,,25.89,,
2004-05-11,,,-,,
2004-05-12,,,30.45,,
2004-05-13,,,12.93,,
2004-05-14,,,46.01,,
2004-05-15,,,26.87,,
2004-05-16,,,18.5,,
2004-05-17,,,-,,
2004-05-18,,,18.7,,
2004-05-19,,,-,,
2004-05-20,,,14.95,,
2004-05-21,,,-,,
2004-05-22,,,-,,
2004-05-23,,,-,,
2004-05-24,,,17.71,,
2004-05-25,,,16.18,,
2004-05-26,,,27.73,,
2004-05-27,,,24.75,,
2004-05-28,,,21.62,,
2004-05-29,,,-,,
2004-05-30,,,21.11,,
2004-05-31,,,20.32,,
2004-06-01,,,63.32,,
2004-06-02,,,-,,
2004-06-03,,,36.13,,
2004-06-04,,,13,,
2004-06-05,,,-,,
2004-06-06,,,-,,
2004-06-07,,,11.94,,
2004-06-08,,,-,,
2004-06-09,,,-,,
2004-06-10,,,48.34,,
2004-06-11,,,-,,
2004-06-12,,,44.26,,
2004-06-13,,,-,,
2004-06-14,,,-,,
2004-06-15,,,-,,
2004-06-16,,,21.7,,
2004-06-17,,,-,,
2004-06-18,,,29.67,,
2004-06-19,,,-,,
2004-06-20,,,34.57,,
2004-06-21,,,-,,
2004-06-22,,,23.56,,
2004-06-23,,,-,,
2004-06-24,,,11.23,,
2004-06-25,,,-,,
2004-06-26,,,22.33,,
2004-06-27,,,18.35,,
2004-06-28,,,-,,
2004-06-29,,,18.16,,
2004-06-30,,,13.3,,
2004-07-01,,,-,,
2004-07-02,,,16.36,,
2004-07-03,,,14.79,,
2004-07-04,,,-,,
2004-07-05,,,35.51,,
2004-07-06,,,-,,
2004-07-07,,,22.2,,
2004-07-08,,,18.07,,
2004-07-09,,,-,,
2004-07-10,,,-,,
2004-07-11,,,14.27,,
2004-07-12,,,36.7,,
2004-07-13,,,20.28,,
2004-07-14,,,13.75,,
2004-07-15,,,-,,
2004-07-16,,,24.02,,
2004-07-17,,,-,,
2004-07-18,,,-,,
2004-07-19,,,46.19,,
2004-07-20,,,-,,
2004-07-21,,,16.59,,
2004-07-22,,,18.35,,
2004-07-23,,,21.93,,
2004-07-24,,,-,,
2004-07-25,,,-,,
2004-07-26,,,-,,
2004-07-27,,,-,,
2004-07-28,,,24.83,,
2004-07-29,,,40.17,,
2004-07-30,,,-,,
2004-07-31,,,-,,
2004-08-01,,,-,,
2004-08-02,,,41.18,,
2004-08-03,,,-,,
2004-08-04,,,-,,
2004-08-05,,,-,,
2004-08-06,,,11.82,,
2004-08-07,,,-,,
2004-08-08,,,-,,
2004-08-09,,,-,,
2004-08-10,,,-,,
2004-08-11,,,-,,
2004-08-12,,,-,,
2004-08-13,,,-,,
2004-08-14,,,-,,
2004-08-15,,,24.61,,
2004-08-16,,,-,,
2004-08-17,,,24.05,,
2004-08-18,,,-,,
2004-08-19,,,-,,
2004-08-20,,,10.62,,
2004-08-21,,,-,,
2004-08-22,,,-,,
2004-08-23,,,-,,
2004-08-24,,,-,,
2004-08-25,,,38.84,,
2004-08-26,,,21.48,,
2004-08-27,,,-,,
2004-08-28,,,29.43,,
2004-08-29,,,26.67,,
2004-08-30,,,36.13,,
2004-08-31,,,23.1,,
2004-09-01,,,69.28,,
2004-09-02,,,27.29,,
2004-09-03,,,-,,
2004-09-04,,,-,,
2004-09-05,,,-,,
2004-09-06,,,-,,
2004-09-07,,,-,,
2004-09-08,,,54.03,,
2004-09-09,,,13.75,,
2004-09-10,,,-,,
2004-09-11,,,29.76,,
2004-09-12,,,29.86,,
2004-09-13,,,36.2,,
2004-09-14,,,37.87,,
2004-09-15,,,13,,
2004-09-16,,,-,,
2004-09-17,,,-,,
2004-09-18,,,55.18,,
2004-09-19,,,-,,
2004-09-20,,,13.54,,
2004-09-21,,,-,,
2004-09-22,,,23.71,,
2004-09-23,,,-,,
2004-09-24,,,-,,
2004-09-25,,,-,,
2004-09-26,,,-,,
2004-09-27,,,-,,
2004-09-28,,,46.24,,
2004-09-29,,,-,,
2004-09-30,,,33.41,,
2004-10-01,,,-,,
2004-10-02,,,-,,
2004-10-03,,,20.62,,
2004-10-04,,,-,,
2004-10-05,,,30.46,,
2004-10-06,,,44.6,,
2004-10-07,,,-,,
2004-10-08,,,30.7,,
2004-10-09,,,-,,
2004-10-10,,,14.76,,
2004-10-11,,,-,,
2004-10-12,,,-,,
2004-10-13,,,-,,
2004-10-14,,,-,,
2004-10-15,,,39.21,,
2004-10-16,,,66.78,,
2004-10-17,,,-,,
2004-10-18,,,62.83,,
2004-10-19,,,-,,
2004-10-20,,,28.18,,
2004-10-21,,,-,,
2004-10-22,,,-,,
2004-10-23,,,11.13,,
2004-10-24,,,22.09,,
2004-10-25,,,-,,
2004-10-26,,,-,,
2004-10-27,,,44.93,,
2004-10-28,,,53.53,,
2004-10-29,,,-,,
2004-10-30,,,13.45,,
2004-10-31,,,37.67,,
2004-11-01,,,32.5,,
2004-11-02,,,-,,
2004-11-03,,,-,,
2004-11-04,,,-,,
2004-11-05,,,-,,
2004-11-06,,,26.19,,
2004-11-07,,,27.13,,
2004-11-08,,,49.87,,
2004-11-09,,,24.61,,
2004-11-10,,,37.73,,
2004-11-11,,,27.24,,
2004-11-12,,,44.43,,
2004-11-13,,,29.87,,
2004-11-14,,,-,,
2004-11-15,,,-,,
2004-11-16,,,15.35,,
2004-11-17,,,-,,
2004-11-18,,,12.96,,
2004-11-19,,,-,,
2004-11-20,,,39.03,,
2004-11-21,,,-,,
2004-11-22,,,23.39,,
2004-11-23,,,27.72,,
2004-11-24,,,17.08,,
2004-11-25,,,-,,
2004-11-26,,,-,,
2004-11-27,,,-,,
2004-11-28,,,23.2,,
2004-11-29,,,34.97,,
2004-11-30,,,21.49,,
2004-12-01,,,-,,
2004-12-02,,,-,,
2004-12-03,,,-,,
2004-12-04,,,-,,
2004-12-05,,,45.85,,
2004-12-06,,,-,,
2004-12-07,,,-,,
2004-12-08,,,44.72,,
2004-12-09,,,27.24,,
2004-12-10,,,14.83,,
2004-12-11,,,-,,
2004-12-12,,,-,,
2004-12-13,,,-,,
2004-12-14,,,22.26,,
2004-12-15,,,-,,
2004-12-16,,,19.47,,
2004-12-17,,,33.61,,
2004-12-18,,,-,,
2004-12-19,,,13,,
2004-12-20,,,-,,
2004-12-21,,,55.68,,
2004-12-22,,,-,,
2004-12-23,,,-,,
2004-12-24,,,-,,
2004-12-25,,,-,,
2004-12-26,,,-,,
2004-12-27,,,14.48,,
2004-12-28,,,42.73,,
2004-12-29,,,18.47,,
2004-12-30,,,-,,
2004-12-31,,,28.15,,
2005-01-01,,,-,,
2005-01-02,,,29.86,,
2005-01-03,,,14.35,,
2005-01-04,,,12,,
2005-01-05,,,-,,
2005-01-06,,,-,,
2005-01-07,,,57.79,,
2005-01-08,,,-,,
2005-01-09,,,38.7,,
2005-01-10,,,-,,
2005-01-11,,,14.8,,
2005-01-12,,,-,,
2005-01-13,,,-,,
2005-01-14,,,-,,
2005-01-15,,,-,,
2005-01-16,,,25.82,,
2005-01-17,,,22.98,,
2005-01-18,,,-,,
2005-01-19,,,48.81,,
2005-01-20,,,-,,
2005-01-21,,,34.51,,
2005-01-22,,,48.15,,
2005-01-23,,,-,,
2005-01-24,,,-,,
2005-01-25,,,-,,
2005-01-26,,,-,,
2005-01-27,,,37.77,,
2005-01-28,,,-,,
2005-01-29,,,-,,
2005-01-30,,,-,,
2005-01-31,,,-,,
2005-02-01,,,-,,
2005-02-02,,,-,,
2005-02-03,,,27.3,,
2005-02-04,,,-,,
2005-02-05,,,28.09,,
2005-02-06,,,30.27,,
2005-02-07,,,13.06,,
2005-02-08,,,-,,
2005-02-09,,,10.36,,
2005-02-10,,,11.37,,
2005-02-11,,,41.13,,
2005-02-12,,,-,,
2005-02-13,,,-,,
2005-02-14,,,33.48,,
2005-02-15,,,58.2,,
2005-02-16,,,23.15,,
2005-02-17,,,-,,
2005-02-18,,,18.48,,
2005-02-19,,,-,,
2005-02-20,,,-,,
2005-02-21,,,-,,
2005-02-22,,,12.72,,
2005-02-23,,,-,,
2005-02-24,,,32.92,,
2005-02-25,,,-,,
2005-02-26,,,11.55,,
2005-02-27,,,50.06,,
2005-02-28,,,28.83,,
2005-03-01,,,-,,
2005-03-02,,,-,,
2005-03-03,,,58.67,,
2005-03-04,,,-,,
2005-03-05,,,21.66,,
2005-03-06,,,-,,
2005-03-07,,,-,,
2005-03-08,,,-,,
2005-03-09,,,-,,
2005-03-10,,,-,,
2005-03-11,,,26.73,,
2005-03-12,,,15.55,,
2005-03-13,,,-,,
2005-03-14,,,25.72,,
2005-03-15,,,34.17,,
2005-03-16,,,19.68,,
2005-03-17,,,-,,
2005-03-18,,,-,,
2005-03-19,,,-,,
2005-03-20,,,56.41,,
2005-03-21,,,48.42,,
2005-03-22,,,14.31,,
2005-03-23,,,-,,
2005-03-24,,,14.75,,
2005-03-25,,,11.27,,
2005-03-26,,,-,,
2005-03-27,,,40.64,,
2005-03-28,,,25.98,,
2005-03-29,,,-,,
2005-03-30,,,35.61,,
2005-03-31,,,19.8,,
2005-04-01,,,20.69,,
2005-04-02,,,29.48,,
2005-04-03,,,-,,
2005-04-04,,,-,,
2005-04-05,,,20.74,,
2005-04-06,,,28.36,,
2005-04-07,,,31.92,,
2005-04-08,,,69.87,,
2005-04-09,,,-,,
2005-04-10,,,-,,
2005-04-11,,,-,,
2005-04-12,,,25.01,,
2005-04-13,,,-,,
2005-04-14,,,-,,
2005-04-15,,,48.42,,
2005-04-16,,,-,,
2005-04-17,,,-,,
2005-04-18,,,15.6,,
2005-04-19,,,16.75,,
2005-04-20,,,-,,
2005-04-21,,,-,,
2005-04-22,,,-,,
2005-04-23,,,30.9,,
2005-04-24,,,-,,
2005-04-25,,,-,,
2005-04-26,,,-,,
2005-04-27,,,22.63,,
2005-04-28,,,20.4,,
2005-04-29,,,-,,
2005-04-30,,,-,,
2005-05-01,,,20.59,,
2005-05-02,,,-,,
2005-05-03,,,-,,
2005-05-04,,,50.57,,
2005-05-05,,,11.83,,
2005-05-06,,,17.84,,
2005-05-07,,,23.5,,
2005-05-08,,,16.78,,
2005-05-09,,,17.58,,
2005-05-10,,,34.39,,
2005-05-11,,,-,,
2005-05-12,,,18.04,,
2005-05-13,,,30.49,,
2005-05-14,,,42.08,,
2005-05-15,,,-,,
2005-05-16,,,47.34,,
2005-05-17,,,-,,
2005-05-18,,,-,,
2005-05-19,,,40.16,,
2005-05-20,,,57.05,,
2005-05-21,,,29.97,,
2005-05-22,,,24.53,,
2005-05-23,,,-,,
2005-05-24,,,-,,
2005-05-25,,,-,,
2005-05-26,,,15.5,,
2005-05-27,,,-,,
2005-05-28,,,55.76,,
2005-05-29,,,30.19,,
2005-05-30,,,-,,
2005-05-31,,,-,,
2005-06-01,,,-,,
2005-06-02,,,-,,
2005-06-03,,,-,,
2005-06-04,,,-,,
2005-06-05,,,-,,
2005-06-06,,,-,,
2005-06-07,,,-,,
2005-06-08,,,-,,
2005-06-09,,,-,,
2005-06-10,,,16.35,,
2005-06-11,,,-,,
2005-06-12,,,-,,
2005-06-13,,,-,,
2005-06-14,,,-,,
2005-06-15,,,-,,
2005-06-16,,,12.06,,
2005-06-17,,,-,,
2005-06-18,,,-,,
2005-06-19,,,28.18,,
2005-06-20,,,11.44,,
2005-06-21,,,-,,
2005-06-22,,,35.67,,
2005-06-23,,,28.71,,
2005-06-24,,,-,,
2005-06-25,,,42.09,,
2005-06-26,,,-,,
2005-06-27,,,-,,
2005-06-28,,,-,,
2005-06-29,,,-,,
2005-06-30,,,30.06,,
2005-07-01,,,-,,
2005-07-02,,,36.34,,
2005-07-03,,,-,,
2005-07-04,,,-,,
2005-07-05,,,-,,
2005-07-06,,,22.08,,
2005-07-07,,,-,,
2005-07-08,,,39.15,,
2005-07-09,,,11.01,,
2005-07-10,,,29.15,,
2005-07-11,,,-,,
2005-07-12,,,10.56,,
2005-07-13,,,-,,
2005-07-14,,,-,,
2005-07-15,,,-,,
2005-07-16,,,21.42,,
2005-07-17,,,19.03,,
2005-07-18,,,-,,
2005-07-19,,,30.35,,
2005-07-20,,,-,,
2005-07-21,,,-,,
2005-07-22,,,33.87,,
2005-07-23,,,-,,
2005-07-24,,,-,,
2005-07-25,,,-,,
2005-07-26,,,-,,
2005-07-27,,,-,,
2005-07-28,,,15.24,,
2005-07-29,,,12.05,,
2005-07-30,,,-,,
2005-07-31,,,47.23,,
2005-08-01,,,53.82,,
2005-08-02,,,25.9,,
2005-08-03,,,-,,
2005-08-04,,,-,,
2005-08-05,,,21.6,,
2005-08-06,,,45.31,,
2005-08-07,,,-,,
2005-08-08,,,15.12,,
2005-08-09,,,-,,
2005-08-10,,,44.73,,
2005-08-11,,,28.97,,
2005-08-12,,,17.15,,
2005-08-13,,,19.7,,
2005-08-14,,,-,,
2005-08-15,,,-,,
2005-08-16,,,-,,
2005-08-17,,,-,,
2005-08-18,,,-,,
2005-08-19,,,14.11,,
2005-08-20,,,16.66,,
2005-08-21,,,31.94,,
2005-08-22,,,-,,
2005-08-23,,,-,,
2005-08-24,,,60.87,,
2005-08-25,,,10.79,,
2005-08-26,,,16.21,,
2005-08-27,,,-,,
2005-08-28,,,14.97,,
2005-08-29,,,-,,
2005-08-30,,,27.88,,
2005-08-31,,,19.68,,
2005-09-01,,,-,,
2005-09-02,,,-,,
2005-09-03,,,51.17,,
2005-09-04,,,-,,
2005-09-05,,,28.43,,
2005-09-06,,,-,,
2005-09-07,,,42.12,,
2005-09-08,,,23.95,,
2005-09-09,,,52.03,,
2005-09-10,,,-,,
2005-09-11,,,-,,
2005-09-12,,,68.26,,
2005-09-13,,,-,,
2005-09-14,,,34.41,,
2005-09-15,,,13.26,,
2005-09-16,,,25.93,,
2005-09-17,,,-,,
2005-09-18,,,-,,
2005-09-19,,,-,,
2005-09-20,,,40.05,,
2005-09-21,,,-,,
2005-09-22,,,24.19,,
2005-09-23,,,17.47,,
2005-09-24,,,21.28,,
2005-09-25,,,-,,
2005-09-26,,,-,,
2005-09-27,,,-,,
2005-09-28,,,-,,
2005-09-29,,,25,,
2005-09-30,,,47.75,,
2005-10-01,,,-,,
2005-10-02,,,30.06,,
2005-10-03,,,-,,
2005-10-04,,,-,,
2005-10-05,,,36.15,,
2005-10-06,,,19.91,,
2005-10-07,,,33.96,,
2005-10-08,,,-,,
2005-10-09,,,-,,
2005-10-10,,,13.87,,
2005-10-11,,,-,,
2005-10-12,,,11.05,,
2005-10-13,,,-,,
2005-10-14,,,-,,
2005-10-15,,,38.93,,
2005-10-16,,,26.81,,
2005-10-17,,,14.91,,
2005-10-18,,,37.4,,
2005-10-19,,,-,,
2005-10-20,,,-,,
2005-10-21,,,13.66,,
2005-10-22,,,28.18,,
2005-10-23,,,39.16,,
2005-10-24,,,20.7,,
2005-10-25,,,-,,
2005-10-26,,,32.3,,
2005-10-27,,,43.21,,
2005-10-28,,,12.29,,
2005-10-29,,,-,,
2005-10-30,,,20.37,,
2005-10-31,,,-,,
2005-11-01,,,18.98,,
2005-11-02,,,44.03,,
2005-11-03,,,16.46,,
2005-11-04,,,-,,
2005-11-05,,,-,,
2005-11-06,,,21.79,,
2005-11-07,,,-,,
2005-11-08,,,51.13,,
2005-11-09,,,18.24,,
2005-11-10,,,-,,
2005-11-11,,,-,,
2005-11-12,,,16.98,,
2005-11-13,,,-,,
2005-11-14,,,-,,
2005-11-15,,,21.19,,
2005-11-16,,,-,,
2005-11-17,,,-,,
2005-11-18,,,-,,
2005-11-19,,,-,,
2005-11-20,,,45.84,,
2005-11-21,,,-,,
2005-11-22,,,-,,
2005-11-23,,,-,,
2005-11-24,,,-,,
2005-11-25,,,17.94,,
2005-11-26,,,-,,
2005-11-27,,,22.21,,
2005-11-28,,,26.45,,
2005-11-29,,,-,,
2005-11-30,,,-,,
2005-12-01,,,-,,
2005-12-02,,,-,,
2005-12-03,,,29.95,,
2005-12-04,,,16.12,,
2005-12-05,,,-,,
2005-12-06,,,-,,
2005-12-07,,,38.59,,
2005-12-08,,,-,,
2005-12-09,,,22.47,,
2005-12-10,,,-,,
2005-12-11,,,20.48,,
2005-12-12,,,15.02,,
2005-12-13,,,-,,
2005-12-14,,,-,,
2005-12-15,,,20.9,,
2005-12-16,,,15.26,,
2005-12-17,,,15.63,,
2005-12-18,,,-,,
2005-12-19,,,10.72,,
2005-12-20,,,-,,
2005-12-21,,,-,,
2005-12-22,,,-,,
2005-12-23,,,33.22,,
2005-12-24,,,11,,
2005-12-25,,,-,,
2005-12-26,,,25.03,,
2005-12-27,,,-,,
2005-12-28,,,-,,
2005-12-29,,,11.36,,
2005-12-30,,,57.51,,
2005-12-31,,,-,,
2006-01-01,,,-,,
2006-01-02,,,-,,
2006-01-03,,,-,,
2006-01-04,,,41.09,,
2006-01-05,,,-,,
2006-01-06,,,18.69,,
2006-01-07,,,14.22,,
2006-01-08,,,-,,
2006-01-09,,,19.59,,
2006-01-10,,,19.22,,
2006-01-11,,,-,,
2006-01-12,,,39.47,,
2006-01-13,,,21.08,,
2006-01-14,,,33.78,,
2006-01-15,,,38.79,,
2006-01-16,,,40.4,,
2006-01-17,,,-,,
2006-01-18,,,32.82,,
2006-01-19,,,-,,
2006-01-20,,,38.08,,
2006-01-21,,,-,,
2006-01-22,,,28.44,,
2006-01-23,,,18.34,,
2006-01-24,,,-,,
2006-01-25,,,22.86,,
2006-01-26,,,17.64,,
2006-01-27,,,26.22,,
2006-01-28,,,-,,
2006-01-29,,,22.36,,
2006-01-30,,,15.86,,
2006-01-31,,,20.79,,
2006-02-01,,,-,,
2006-02-02,,,-,,
2006-02-03,,,42.81,,
2006-02-04,,,-,,
2006-02-05,,,59,,
2006-02-06,,,-,,
2006-02-07,,,20.21,,
2006-02-08,,,13.08,,
2006-02-09,,,-,,
2006-02-10,,,18.28,,
2006-02-11,,,-,,
2006-02-12,,,20.03,,
2006-02-13,,,-,,
2006-02-14,,,11.52,,
2006-02-15,,,-,,
2006-02-16,,,-,,
2006-02-17,,,32.71,,
2006-02-18,,,18.24,,
2006-02-19,,,-,,
2006-02-20,,,-,,
2006-02-21,,,41.25,,
2006-02-22,,,-,,
2006-02-23,,,-,,
2006-02-24,,,30.25,,
2006-02-25,,,-,,
2006-02-26,,,26.28,,
2006-02-27,,,20.61,,
2006-02-28,,,13.42,,
2006-03-01,,,15.78,,
2006-03-02,,,-,,
2006-03-03,,,-,,
2006-03-04,,,63.36,,
2006-03-05,,,26.14,,
2006-03-06,,,39.42,,
2006-03-07,,,17.2,,
2006-03-08,,,13.91,,
2006-03-09,,,52.94,,
2006-03-10,,,-,,
2006-03-11,,,-,,
2006-03-12,,,40.51,,
2006-03-13,,,-,,
2006-03-14,,,14.19,,
2006-03-15,,,16.47,,
2006-03-16,,,23.8,,
2006-03-17,,,32.79,,
2006-03-18,,,31.51,,
2006-03-19,,,13.48,,
2006-03-20,,,24.79,,
2006-03-21,,,18.2,,
2006-03-22,,,-,,
2006-03-23,,,-,,
2006-03-24,,,16.6,,
2006-03-25,,,-,,
2006-03-26,,,-,,
2006-03-27,,,20.1,,
2006-03-28,,,18.39,,
2006-03-29,,,15.22,,
2006-03-30,,,40.54,,
2006-03-31,,,44.88,,
2006-04-01,,,-,,
2006-04-02,,,-,,
2006-04-03,,,35.81,,
2006-04-04,,,13.23,,
2006-04-05,,,-,,
2006-04-06,,,-,,
2006-04-07,,,38.65,,
2006-04-08,,,-,,
2006-04-09,,,-,,
2006-04-10,,,16.37,,
2006-04-11,,,32.65,,
2006-04-12,,,27,,
2006-04-13,,,11.6,,
2006-04-14,,,-,,
2006-04-15,,,11.28,,
2006-04-16,,,29.76,,
2006-04-17,,,43.12,,
2006-04-18,,,21.04,,
2006-04-19,,,29.19,,
2006-04-20,,,-,,
2006-04-21,,,-,,
2006-04-22,,,-,,
2006-04-23,,,-,,
2006-04-24,,,15.79,,
2006-04-25,,,-,,
2006-04-26,,,55.53,,
2006-04-27,,,-,,
2006-04-28,,,39.08,,
2006-04-29,,,-,,
2006-04-30,,,60.55,,
2006-05-01,,,-,,
2006-05-02,,,18.01,,
2006-05-03,,,11.29,,
2006-05-04,,,-,,
2006-05-05,,,10.11,,
2006-05-06,,,-,,
2006-05-07,,,-,,
2006-05-08,,,-,,
2006-05-09,,,-,,
2006-05-10,,,-,,
2006-05-11,,,32.66,,
2006-05-12,,,23.37,,
2006-05-13,,,15.25,,
2006-05-14,,,-,,
2006-05-15,,,-,,
2006-05-16,,,10.21,,
2006-05-17,,,-,,
2006-05-18,,,32.64,,
2006-05-19,,,-,,
2006-05-20,,,-,,
2006-05-21,,,29.07,,
2006-05-22,,,20.77,,
2006-05-23,,,22.06,,
2006-05-24,,,-,,
2006-05-25,,,-,,
2006-05-26,,,-,,
2006-05-27,,,-,,
2006-05-28,,,10.33,,
2006-05-29,,,-,,
2006-05-30,,,25.58,,
2006-05-31,,,36.1,,
2006-06-01,,,-,,
2006-06-02,,,-,,
2006-06-03,,,-,,
2006-06-04,,,23.81,,
2006-06-05,,,-,,
2006-06-06,,,-,,
2006-06-07,,,-,,
2006-06-08,,,11.02,,
2006-06-09,,,29.25,,
2006-06-10,,,-,,
2006-06-11,,,-,,
2006-06-12,,,-,,
2006-06-13,,,35.15,,
2006-06-14,,,-,,
2006-06-15,,,26.91,,
2006-06-16,,,36.03,,
2006-06-17,,,37.89,,
2006-06-18,,,-,,
2006-06-19,,,-,,
2006-06-20,,,-,,
2006-06-21,,,-,,
2006-06-22,,,26.76,,
2006-06-23,,,42.76,,
2006-06-24,,,-,,
2006-06-25,,,-,,
2006-06-26,,,-,,
2006-06-27,,,-,,
2006-06-28,,,20.67,,
2006-06-29,,,-,,
2006-06-30,,,-,,
2006-07-01,,,16.48,,
2006-07-02,,,-,,
2006-07-03,,,-,,
2006-07-04,,,28.01,,
2006-07-05,,,-,,
2006-07-06,,,-,,
2006-07-07,,,36.58,,
2006-07-08,,,21.07,,
2006-07-09,,,25.87,,
2006-07-10,,,22.61,,
2006-07-11,,,-,,
2006-07-12,,,-,,
2006-07-13,,,36.62,,
2006-07-14,,,-,,
2006-07-15,,,12.95,,
2006-07-16,,,16.23,,
2006-07-17,,,15.29,,
2006-07-18,,,-,,
2006-07-19,,,16.4,,
2006-07-20,,,23.28,,
2006-07-21,,,-,,
2006-07-22,,,-,,
2006-07-23,,,23.57,,
2006-07-24,,,-,,
2006-07-25,,,29.23,,
2006-07-26,,,-,,
2006-07-27,,,-,,
2006-07-28,,,18.26,,
2006-07-29,,,-,,
2006-07-30,,,-,,
2006-07-31,,,-,,
2006-08-01,,,-,,
2006-08-02,,,43.64,,
2006-08-03,,,23.08,,
2006-08-04,,,-,,
2006-08-05,,,30.36,,
2006-08-06,,,10.58,,
2006-08-07,,,-,,
2006-08-08,,,-,,
2006-08-09,,,32.25,,
2006-08-10,,,-,,
2006-08-11,,,-,,
2006-08-12,,,-,,
2006-08-13,,,25.89,,
2006-08-14,,,-,,
2006-08-15,,,-,,
2006-08-16,,,43.23,,
2006-08-17,,,13.73,,
2006-08-18,,,-,,
2006-08-19,,,-,,
2006-08-20,,,-,,
2006-08-21,,,37.79,,
2006-08-22,,,15.76,,
2006-08-23,,,17.13,,
2006-08-24,,,-,,
2006-08-25,,,14.35,,
2006-08-26,,,-,,
2006-08-27,,,-,,
2006-08-28,,,22.64,,
2006-08-29,,,-,,
2006-08-30,,,-,,
2006-08-31,,,-,,
2006-09-01,,,-,,
2006-09-02,,,63.83,,
2006-09-03,,,61.33,,
2006-09-04,,,-,,
2006-09-05,,,43.25,,
2006-09-06,,,20.18,,
2006-09-07,,,16.94,,
2006-09-08,,,-,,
2006-09-09,,,28.63,,
2006-09-10,,,33.28,,
2006-09-11,,,17.05,,
2006-09-12,,,-,,
2006-09-13,,,61.4,,
2006-09-14,,,-,,
2006-09-15,,,-,,
2006-09-16,,,12.51,,
2006-09-17,,,-,,
2006-09-18,,,-,,
2006-09-19,,,-,,
2006-09-20,,,-,,
2006-09-21,,,-,,
2006-09-22,,,-,,
2006-09-23,,,-,,
2006-09-24,,,-,,
2006-09-25,,,-,,
2006-09-26,,,-,,
2006-09-27,,,-,,
2006-09-28,,,-,,
2006-09-29,,,42.89,,
2006-09-30,,,32.05,,
2006-10-01,,,-,,
2006-10-02,,,48.83,,
2006-10-03,,,44.49,,
2006-10-04,,,18.2,,
2006-10-05,,,-,,
2006-10-06,,,55.7,,
2006-10-07,,,-,,
2006-10-08,,,31.81,,
2006-10-09,,,-,,
2006-10-10,,,-,,
2006-10-11,,,26.91,,
2006-10-12,,,14.63,,
2006-10-13,,,35.33,,
2006-10-14,,,40.39,,
2006-10-15,,,26.22,,
2006-10-16,,,14.75,,
2006-10-17,,,40.74,,
2006-10-18,,,23.01,,
2006-10-19,,,33.01,,
2006-10-20,,,27.23,,
2006-10-21,,,38.64,,
2006-10-22,,,10.72,,
2006-10-23,,,-,,
2006-10-24,,,-,,
2006-10-25,,,-,,
2006-10-26,,,-,,
2006-10-27,,,-,,
2006-10-28,,,10.08,,
2006-10-29,,,-,,
2006-10-30,,,18.23,,
2006-10-31,,,11,,
2006-11-01,,,13.08,,
2006-11-02,,,-,,
2006-11-03,,,22.65,,
2006-11-04,,,17.97,,
2006-11-05,,,20.53,,
2006-11-06,,,24.32,,
2006-11-07,,,-,,
2006-11-08,,,-,,
2006-11-09,,,15.03,,
2006-11-10,,,-,,
2006-11-11,,,16.27,,
2006-11-12,,,-,,
2006-11-13,,,17.78,,
2006-11-14,,,-,,
2006-11-15,,,-,,
2006-11-16,,,-,,
2006-11-17,,,-,,
2006-11-18,,,-,,
2006-11-19,,,-,,
2006-11-20,,,11.12,,
2006-11-21,,,-,,
2006-11-22,,,-,,
2006-11-23,,,-,,
2006-11-24,,,15.18,,
2006-11-25,,,-,,
2006-11-26,,,-,,
2006-11-27,,,29.83,,
2006-11-28,,,-,,
2006-11-29,,,-,,
2006-11-30,,,13.75,,
2006-12-01,,,-,,
2006-12-02,,,17.21,,
2006-12-03,,,-,,
2006-12-04,,,-,,
2006-12-05,,,28.5,,
2006-12-06,,,15.55,,
2006-12-07,,,43.91,,
2006-12-08,,,10.63,,
2006-12-09,,,-,,
2006-12-10,,,23.05,,
2006-12-11,,,31.1,,
2006-12-12,,,-,,
2006-12-13,,,26.33,,
2006-12-14,,,-,,
2006-12-15,,,12.2,,
2006-12-16,,,17.7,,
2006-12-17,,,-,,
2006-12-18,,,-,,
2006-12-19,,,11.25,,
2006-12-20,,,25.42,,
2006-12-21,,,29,,
2006-12-22,,,-,,
2006-12-23,,,60.24,,
2006-12-24,,,15.81,,
2006-12-25,,,-,,
2006-12-26,,,21.44,,
2006-12-27,,,-,,
2006-12-28,,,-,,
2006-12-29,,,12.19,,
2006-12-30,,,-,,
2006-12-31,,,16.59,,
